message,label
The weather looks great this weekend. Want to go hiking?,ham
Your Amazon subscription is expiring. Renew now to avoid losing access: http://tinyurl.com/abc456,spam
Could you pick up some groceries on your way home? We need milk and bread. Looking forward to hearing from you.,ham
ACTION REQUIRED! Get a free vacation to the Bahamas! Just complete a short survey to qualify.,spam
Let's brainstorm ideas for the hackathon. I'm thinking something with AI. Let me know your thoughts when you get a chance.,ham
The yoga class starts at 7 AM. Want to join me tomorrow? Hope your week is going well!,ham
You qualify for a government grant of $1000. No repayment required!,spam
The AC in the conference room is broken again. I've filed a maintenance request.,ham
Adult content: Explicit material waiting for you. Click to view now.,spam
I'll be working from home tomorrow. You can reach me on Slack or email. Cheers!,ham
URGENT: Your account has been compromised. Verify your identity immediately at http://secure-verify.com/login,spam
The neighbors are having a party this Saturday. We're invited!,ham
I loved the photos from your trip! Japan looks absolutely beautiful. PS: Don't forget to submit your timesheet.,ham
URGENT! Lose weight fast without diet or exercise! Try this one weird trick.,spam
You are one step away from financial freedom! Learn our secret trading strategy.,spam
"CLAIM YOUR PRIZE! Dear customer, your Bank of America card ending in 4532 has unusual activity. Call us now.",spam
Shocking news: Celebrity reveals weight loss secret. Doctors hate this trick!,spam
Double your bitcoin investment in 24 hours! Guaranteed returns. Invest now!,spam
Just finished the sprint retrospective notes. Sharing with the team now. Let me know your thoughts when you get a chance.,ham
I'm thinking of getting a new laptop. Any suggestions?,ham
Get rich quick! Follow our simple 3-step system to make $50000 weekly.,spam
Just saw the news about the company merger. What do you think about it? Have a great evening!,ham
"Don't forget about the team meeting at 3 PM. We'll discuss Q4 targets. By the way, the coffee machine is fixed.",ham
The gym is offering a discount for annual memberships. Interested? Looking forward to hearing from you.,ham
"Hey, are you available for lunch tomorrow? I was thinking we could try that new restaurant.",ham
WINNER! Earn extra cash by completing simple surveys. Sign up now and get a $100 bonus!,spam
Just finished the sprint retrospective notes. Sharing with the team now.,ham
CLAIM YOUR PRIZE! Buy cheap medications online! Up to 80% off. Fast discreet shipping.,spam
Reduce your mortgage payments by 50%! Call now for a free consultation.,spam
Your Apple account has been locked. Click here to unlock: http://update-now.net/confirm,spam
FINAL NOTICE: Your domain name will be deleted unless you renew immediately.,spam
ACT NOW! URGENT: Wire transfer of $100 received in your name. Confirm identity to release funds.,spam
SECURITY UPDATE! Adult content: Explicit material waiting for you. Click to view now.,spam
WINNER! You have been selected for a special offer! Get brain supplement for FREE. Limited time only!,spam
Please find attached the invoice for last month's services. Have a great evening!,ham
Lose weight fast without diet or exercise! Try this one weird trick.,spam
Don't forget about the team meeting at 3 PM. We'll discuss Q4 targets.,ham
The dog needs to go to the vet for his annual checkup. Can you take him?,ham
Thanks for your help with the report. I really appreciate it! Cheers!,ham
FINAL NOTICE! Your computer is running slow. Download our optimizer for instant speed boost!,spam
You've been chosen for an exclusive credit card with $500 limit. Pre-approved!,spam
"Congratulations on the promotion! You definitely deserved it. By the way, the coffee machine is fixed.",ham
LIMITED TIME OFFER! Your Microsoft subscription is expiring. Renew now to avoid losing access: http://bit.ly/xyz123,spam
URGENT: Wire transfer of $100 received in your name. Confirm identity to release funds.,spam
Please find attached the invoice for last month's services.,ham
URGENT! Claim your free trial of weight loss pills today! No credit card required.,spam
Hot singles in your area are waiting to meet you! Click here to join free.,spam
Adult content: Explicit material waiting for you. Click to view now.,spam
Your inheritance of $5000 is ready. Contact our lawyer to process your claim.,spam
Please find attached the invoice for last month's services.,ham
The new office space looks amazing! Have you seen the rooftop terrace?,ham
"Dear customer, your Citibank card ending in 4532 has unusual activity. Call us now.",spam
The neighbors are having a party this Saturday. We're invited!,ham
Free trial expired. Update your payment to continue using Microsoft.,spam
WARNING! Your inheritance of $50000 is ready. Contact our lawyer to process your claim.,spam
Reminder: your dentist appointment is tomorrow at 10 AM.,ham
The AC in the conference room is broken again. I've filed a maintenance request.,ham
Congratulations on the promotion! You definitely deserved it. Talk soon!,ham
We should catch up soon. It's been ages since we last hung out! Have a great evening!,ham
VERIFY YOUR ACCOUNT! SECURITY ALERT: Someone tried to log into your account. Reset password now.,spam
"We should catch up soon. It's been ages since we last hung out! By the way, the coffee machine is fixed.",ham
LIMITED TIME OFFER! You've received a confidential document. Sign in with your email to view it.,spam
I'll be working from home tomorrow. You can reach me on Slack or email.,ham
Reminder: team lunch is on Friday. We're going to that Italian place.,ham
Let's schedule a call to discuss the new feature requirements. Cheers!,ham
"Movie night tonight? I was thinking we could watch that new thriller. By the way, the coffee machine is fixed.",ham
Meet beautiful women from Eastern Europe. Join our dating site free today!,spam
The quarterly report is due next week. I'll need your section by Monday.,ham
WINNER! Attention: Your tax refund of $50000 is pending. Submit your details now.,spam
I need to renew my passport. Do you know how long it takes?,ham
The flight is confirmed for July 15th. I'll forward you the itinerary.,ham
VERIFY YOUR ACCOUNT! Free iPhone giveaway! Be one of the first 100 to register and win!,spam
Can you help me move this Saturday? I'll buy pizza and beer. PS: Don't forget to submit your timesheet.,ham
The flight is confirmed for July 15th. I'll forward you the itinerary. Have a great evening!,ham
WARNING! FINAL WARNING: Pay your outstanding balance of $1000000 or face legal action.,spam
Your lottery ticket has won $5000! Contact our claims department immediately.,spam
Can you review the document I shared and provide feedback by end of day?,ham
FINAL NOTICE! Shocking news: Celebrity reveals weight loss secret. Doctors hate this trick!,spam
Hot singles in your area are waiting to meet you! Click here to join free.,spam
We should catch up soon. It's been ages since we last hung out!,ham
Get a diploma from a prestigious university! No classes required. Apply today.,spam
You qualify for a government grant of $500. No repayment required!,spam
The new office space looks amazing! Have you seen the rooftop terrace? Have a great evening!,ham
The code deployment went smoothly. All tests are passing in production. Let me know your thoughts when you get a chance.,ham
I've attached the updated spreadsheet. Let me know if the numbers look right.,ham
Don't forget about the team meeting at 3 PM. We'll discuss Q4 targets. See you at the standup tomorrow.,ham
I'll be working from home tomorrow. You can reach me on Slack or email.,ham
EXCLUSIVE OFFER! Make $1000 per week working from home! No experience needed. Start today!,spam
You've received a confidential document. Sign in with your email to view it.,spam
The quarterly report is due next week. I'll need your section by Monday.,ham
Sorry I missed your call. I was in a meeting. What did you need? Looking forward to hearing from you.,ham
Can you send me the WiFi password? I'm at the office and can't connect. See you at the standup tomorrow.,ham
Free iPhone giveaway! Be one of the first 100 to register and win!,spam
"CLAIM YOUR PRIZE! Cheap designer watches, handbags, and shoes. 90% off retail prices!",spam
Please find attached the invoice for last month's services.,ham
Can we reschedule our 1:1 to Thursday? I have a conflict on Wednesday.,ham
Important: Your package could not be delivered. Confirm your address here: http://update-now.net/confirm,spam
"I'll be working from home tomorrow. You can reach me on Slack or email. By the way, the coffee machine is fixed.",ham
I'll be on vacation next week. Sarah will handle my tasks while I'm away.,ham
Let's schedule a call to discuss the new feature requirements.,ham
ACT NOW! Reduce your mortgage payments by 50%! Call now for a free consultation.,spam
Your computer is running slow. Download our optimizer for instant speed boost!,spam
IMPORTANT NOTICE! Your email has been selected in our annual draw! You've won a brand new car!,spam
I finished reading that book you recommended. It was really good! PS: Don't forget to submit your timesheet.,ham
"Dear customer, your Chase card ending in 4532 has unusual activity. Call us now.",spam
"FINAL NOTICE! Hi, I'm a Nigerian prince and I need your help to transfer $100. You'll get 30%.",spam
FINAL NOTICE! Exclusive deal just for you! Buy one get one free on all anti-aging cream. Shop now!,spam
You are one step away from financial freedom! Learn our secret trading strategy.,spam
Claim your free trial of smartwatch today! No credit card required.,spam
ACT NOW! Act now! Lose 28 pounds in 28 days with this miracle pill. Order today!,spam
FREE! Your lottery ticket has won $100! Contact our claims department immediately.,spam
I'm thinking of getting a new laptop. Any suggestions?,ham
The project deadline has been extended to next Friday. Let me know if you need help. PS: Don't forget to submit your timesheet.,ham
I've attached the updated spreadsheet. Let me know if the numbers look right. Cheers!,ham
WINNER! You have been selected for a special offer! Get weight loss pills for FREE. Limited time only!,spam
"Dear customer, your Chase card ending in 4532 has unusual activity. Call us now.",spam
Reminder: team lunch is on Friday. We're going to that Italian place. Looking forward to hearing from you.,ham
Get a diploma from a prestigious university! No classes required. Apply today.,spam
FREE! FINAL NOTICE: Your domain name will be deleted unless you renew immediately.,spam
Can you send me the WiFi password? I'm at the office and can't connect. Cheers!,ham
Just finished the sprint retrospective notes. Sharing with the team now. Let me know your thoughts when you get a chance.,ham
Don't forget about the team meeting at 3 PM. We'll discuss Q4 targets. Hope your week is going well!,ham
Just saw the news about the company merger. What do you think about it? Cheers!,ham
Get rich quick! Follow our simple 3-step system to make $5000 weekly.,spam
ALERT! Your Netflix subscription is expiring. Renew now to avoid losing access: http://tinyurl.com/abc456,spam
Great presentation today! The client seemed really impressed with the proposal. Have a great evening!,ham
Your Apple account has been locked. Click here to unlock: http://secure-verify.com/login,spam
Important: Your package could not be delivered. Confirm your address here: http://update-now.net/confirm,spam
Just checking in — how are you feeling? I hope you're getting better.,ham
Get rich quick! Follow our simple 3-step system to make $10000 weekly.,spam
Movie night tonight? I was thinking we could watch that new thriller.,ham
"Hey, are you available for lunch tomorrow? I was thinking we could try that new restaurant. Looking forward to hearing from you.",ham
CONGRATULATIONS! Hot singles in your area are waiting to meet you! Click here to join free.,spam
"Cheap designer watches, handbags, and shoes. 90% off retail prices!",spam
SECURITY UPDATE! URGENT: Wire transfer of $500 received in your name. Confirm identity to release funds.,spam
Thanks for your help with the report. I really appreciate it!,ham
Sorry I missed your call. I was in a meeting. What did you need?,ham
Thanks for the recommendation letter. It means a lot to me.,ham
"The dog needs to go to the vet for his annual checkup. Can you take him? By the way, the coffee machine is fixed.",ham
Thanks for your help with the report. I really appreciate it! Have a great evening!,ham
Reminder: team lunch is on Friday. We're going to that Italian place. Cheers!,ham
FINAL NOTICE: Your domain name will be deleted unless you renew immediately.,spam
I'll be working from home tomorrow. You can reach me on Slack or email. Cheers!,ham
Free trial expired. Update your payment to continue using Google.,spam
Mom wants to know if you're coming for Thanksgiving dinner.,ham
"SPECIAL PROMOTION! Cheap designer watches, handbags, and shoes. 90% off retail prices!",spam
WARNING! Meet beautiful women from Eastern Europe. Join our dating site free today!,spam
Mom wants to know if you're coming for Thanksgiving dinner. PS: Don't forget to submit your timesheet.,ham
DON'T MISS OUT! Your Apple account has been locked. Click here to unlock: http://update-now.net/confirm,spam
Your inheritance of $10000 is ready. Contact our lawyer to process your claim.,spam
Happy birthday! Hope you have an amazing day. Let's celebrate this weekend!,ham
SPECIAL PROMOTION! Your Amazon subscription is expiring. Renew now to avoid losing access: http://secure-verify.com/login,spam
Your Amazon account has been locked. Click here to unlock: http://update-now.net/confirm,spam
Just saw the news about the company merger. What do you think about it? Looking forward to hearing from you.,ham
EXCLUSIVE OFFER! Adult content: Explicit material waiting for you. Click to view now.,spam
Double your bitcoin investment in 24 hours! Guaranteed returns. Invest now!,spam
FINAL NOTICE! Make $100 per week working from home! No experience needed. Start today!,spam
Just finished the sprint retrospective notes. Sharing with the team now.,ham
URGENT: Your account has been compromised. Verify your identity immediately at http://update-now.net/confirm,spam
We should catch up soon. It's been ages since we last hung out! Looking forward to hearing from you.,ham
EXCLUSIVE OFFER! URGENT: Wire transfer of $500 received in your name. Confirm identity to release funds.,spam
ACTION REQUIRED! Get a free vacation to the Bahamas! Just complete a short survey to qualify.,spam
Your PayPal account has been locked. Click here to unlock: http://prize-claim.org/winner,spam
The neighbors are having a party this Saturday. We're invited! Hope your week is going well!,ham
I'll be on vacation next week. Sarah will handle my tasks while I'm away.,ham
The gym is offering a discount for annual memberships. Interested? Talk soon!,ham
The yoga class starts at 7 AM. Want to join me tomorrow? Let me know your thoughts when you get a chance.,ham
"Don't forget about the team meeting at 3 PM. We'll discuss Q4 targets. Also, did you check the latest pull request?",ham
Reduce your mortgage payments by 50%! Call now for a free consultation.,spam
The kids' school play is next Thursday at 6 PM. Can you make it? Hope your week is going well!,ham
The dog needs to go to the vet for his annual checkup. Can you take him?,ham
"VERIFY YOUR ACCOUNT! Cheap designer watches, handbags, and shoes. 90% off retail prices!",spam
I'm thinking of getting a new laptop. Any suggestions? PS: Don't forget to submit your timesheet.,ham
The neighbors are having a party this Saturday. We're invited!,ham
WINNER! FINAL NOTICE: Your domain name will be deleted unless you renew immediately.,spam
I'll be working from home tomorrow. You can reach me on Slack or email.,ham
Important: Your package could not be delivered. Confirm your address here: http://prize-claim.org/winner,spam
Please find attached the invoice for last month's services.,ham
Investment opportunity: 500% returns guaranteed. Minimum investment just $1000000.,spam
I've attached the updated spreadsheet. Let me know if the numbers look right. Looking forward to hearing from you.,ham
We should catch up soon. It's been ages since we last hung out! Looking forward to hearing from you.,ham
CONGRATULATIONS! You've been chosen for an exclusive credit card with $1000 limit. Pre-approved!,spam
I'm thinking of getting a new laptop. Any suggestions?,ham
Can you help me move this Saturday? I'll buy pizza and beer. Cheers!,ham
SECURITY UPDATE! Hot singles in your area are waiting to meet you! Click here to join free.,spam
VERIFY YOUR ACCOUNT! Congratulations! You've won a $500 gift card. Click here to claim now!,spam
Reminder: team lunch is on Friday. We're going to that Italian place. Cheers!,ham
Let's schedule a call to discuss the new feature requirements. Looking forward to hearing from you.,ham
The AC in the conference room is broken again. I've filed a maintenance request. See you at the standup tomorrow.,ham
Mom wants to know if you're coming for Thanksgiving dinner. Looking forward to hearing from you.,ham
Limited time: Get premium PayPal for 90% off. Use code SAVE90 at checkout.,spam
Your email has been selected in our annual draw! You've won a brand new car!,spam
The AC in the conference room is broken again. I've filed a maintenance request.,ham
"Cheap designer watches, handbags, and shoes. 90% off retail prices!",spam
Claim your free trial of VPN service today! No credit card required.,spam
"VERIFY YOUR ACCOUNT! Congratulations! You're our 1,000,000th visitor. Claim your prize now!",spam
The project deadline has been extended to next Friday. Let me know if you need help.,ham
Your Amazon account has been locked. Click here to unlock: http://secure-verify.com/login,spam
SECURITY UPDATE! You qualify for a government grant of $1000000. No repayment required!,spam
Your package arrived today. I left it on the kitchen counter.,ham
Sorry I missed your call. I was in a meeting. What did you need?,ham
URGENT: Your account has been compromised. Verify your identity immediately at http://tinyurl.com/abc456,spam
DON'T MISS OUT! Your Amazon account has been locked. Click here to unlock: http://bit.ly/xyz123,spam
SPECIAL PROMOTION! Claim your free trial of smartwatch today! No credit card required.,spam
Your lottery ticket has won $1000000! Contact our claims department immediately.,spam
Claim your free trial of VPN service today! No credit card required.,spam
Can we reschedule our 1:1 to Thursday? I have a conflict on Wednesday.,ham
I'll be on vacation next week. Sarah will handle my tasks while I'm away.,ham
I need to renew my passport. Do you know how long it takes?,ham
WINNER! Shocking news: Celebrity reveals weight loss secret. Doctors hate this trick!,spam
Please find attached the invoice for last month's services. PS: Don't forget to submit your timesheet.,ham
FREE! Get a diploma from a prestigious university! No classes required. Apply today.,spam
You have been selected for a special offer! Get brain supplement for FREE. Limited time only!,spam
Get a free vacation to the Bahamas! Just complete a short survey to qualify.,spam
WINNER! Your Amazon subscription is expiring. Renew now to avoid losing access: http://secure-verify.com/login,spam
The quarterly report is due next week. I'll need your section by Monday.,ham
"The dog needs to go to the vet for his annual checkup. Can you take him? By the way, the coffee machine is fixed.",ham
CLAIM YOUR PRIZE! Limited time: Get premium Apple for 90% off. Use code SAVE90 at checkout.,spam
You have been selected for a special offer! Get smartwatch for FREE. Limited time only!,spam
I've attached the updated spreadsheet. Let me know if the numbers look right. PS: Don't forget to submit your timesheet.,ham
Your PayPal account has been locked. Click here to unlock: http://secure-verify.com/login,spam
SECURITY UPDATE! Claim your free trial of brain supplement today! No credit card required.,spam
Your email has been selected in our annual draw! You've won a brand new car!,spam
Reminder: team lunch is on Friday. We're going to that Italian place. Cheers!,ham
Can you send me the WiFi password? I'm at the office and can't connect. Hope your week is going well!,ham
Reminder: team lunch is on Friday. We're going to that Italian place. See you at the standup tomorrow.,ham
SECURITY ALERT: Someone tried to log into your account. Reset password now.,spam
Important: Your package could not be delivered. Confirm your address here: http://prize-claim.org/winner,spam
Just finished the sprint retrospective notes. Sharing with the team now. Looking forward to hearing from you.,ham
WARNING! FINAL WARNING: Pay your outstanding balance of $50000 or face legal action.,spam
Could you pick up some groceries on your way home? We need milk and bread. PS: Don't forget to submit your timesheet.,ham
URGENT! URGENT: Wire transfer of $1000000 received in your name. Confirm identity to release funds.,spam
Please find attached the invoice for last month's services. Looking forward to hearing from you.,ham
Can you send me the WiFi password? I'm at the office and can't connect.,ham
Let's brainstorm ideas for the hackathon. I'm thinking something with AI. Cheers!,ham
Act now! Lose 29 pounds in 29 days with this miracle pill. Order today!,spam
"Hey, are you available for lunch tomorrow? I was thinking we could try that new restaurant. Cheers!",ham
WARNING: Virus detected on your device. Download our security tool immediately.,spam
I need to renew my passport. Do you know how long it takes? Hope your week is going well!,ham
ALERT! Your email has been selected in our annual draw! You've won a brand new car!,spam
"DON'T MISS OUT! Dear winner, you are the lucky recipient of $5000. Send your bank details to claim.",spam
The kids' school play is next Thursday at 6 PM. Can you make it? Hope your week is going well!,ham
WARNING! Your inheritance of $100 is ready. Contact our lawyer to process your claim.,spam
Your email has been selected in our annual draw! You've won a brand new car!,spam
"Hey, are you available for lunch tomorrow? I was thinking we could try that new restaurant. Have a great evening!",ham
Investment opportunity: 500% returns guaranteed. Minimum investment just $100.,spam
Lose weight fast without diet or exercise! Try this one weird trick.,spam
"Movie night tonight? I was thinking we could watch that new thriller. By the way, the coffee machine is fixed.",ham
SECURITY UPDATE! Get a free vacation to the Bahamas! Just complete a short survey to qualify.,spam
Thanks for your help with the report. I really appreciate it!,ham
I loved the photos from your trip! Japan looks absolutely beautiful. Have a great evening!,ham
Act now! Lose 14 pounds in 14 days with this miracle pill. Order today!,spam
I loved the photos from your trip! Japan looks absolutely beautiful.,ham
You've been pre-approved for a loan of $1000. Low interest rates! Apply now.,spam
"The dog needs to go to the vet for his annual checkup. Can you take him? Also, did you check the latest pull request?",ham
Can we reschedule our 1:1 to Thursday? I have a conflict on Wednesday. Talk soon!,ham
EXCLUSIVE OFFER! You've received a confidential document. Sign in with your email to view it.,spam
Important: Your package could not be delivered. Confirm your address here: http://bit.ly/xyz123,spam
Don't forget about the team meeting at 3 PM. We'll discuss Q4 targets.,ham
"I loved the photos from your trip! Japan looks absolutely beautiful. By the way, the coffee machine is fixed.",ham
"URGENT! Hi, I'm a Nigerian prince and I need your help to transfer $100. You'll get 30%.",spam
Just checking in — how are you feeling? I hope you're getting better.,ham
URGENT! WARNING: Virus detected on your device. Download our security tool immediately.,spam
Let's brainstorm ideas for the hackathon. I'm thinking something with AI.,ham
Great presentation today! The client seemed really impressed with the proposal. Looking forward to hearing from you.,ham
Can we reschedule our 1:1 to Thursday? I have a conflict on Wednesday. Let me know your thoughts when you get a chance.,ham
ALERT: Your Citibank account will be suspended unless you update your information now.,spam
URGENT: Your account has been compromised. Verify your identity immediately at http://update-now.net/confirm,spam
LIMITED TIME OFFER! Your Amazon subscription is expiring. Renew now to avoid losing access: http://update-now.net/confirm,spam
Mom wants to know if you're coming for Thanksgiving dinner.,ham
Could you pick up some groceries on your way home? We need milk and bread.,ham
The AC in the conference room is broken again. I've filed a maintenance request. Let me know your thoughts when you get a chance.,ham
SPECIAL PROMOTION! You are one step away from financial freedom! Learn our secret trading strategy.,spam
I've attached the updated spreadsheet. Let me know if the numbers look right.,ham
Let's brainstorm ideas for the hackathon. I'm thinking something with AI.,ham
Please find attached the invoice for last month's services. PS: Don't forget to submit your timesheet.,ham
"SPECIAL PROMOTION! Hi, I'm a Nigerian prince and I need your help to transfer $500. You'll get 30%.",spam
"Congratulations! You're our 1,000,000th visitor. Claim your prize now!",spam
Reminder: your dentist appointment is tomorrow at 10 AM.,ham
VERIFY YOUR ACCOUNT! ALERT: Your Bank of America account will be suspended unless you update your information now.,spam
"I finished reading that book you recommended. It was really good! By the way, the coffee machine is fixed.",ham
"I loved the photos from your trip! Japan looks absolutely beautiful. By the way, the coffee machine is fixed.",ham
Free iPhone giveaway! Be one of the first 100 to register and win!,spam
The project deadline has been extended to next Friday. Let me know if you need help.,ham
I finished reading that book you recommended. It was really good!,ham
CONGRATULATIONS! Claim your free trial of weight loss pills today! No credit card required.,spam
WINNER! FINAL WARNING: Pay your outstanding balance of $5000 or face legal action.,spam
"Do you know any good plumbers? Our kitchen sink is leaking again. Also, did you check the latest pull request?",ham
Attention: Your tax refund of $500 is pending. Submit your details now.,spam
ACT NOW! You've been pre-approved for a loan of $100. Low interest rates! Apply now.,spam
The neighbors are having a party this Saturday. We're invited! Talk soon!,ham
Can we reschedule our 1:1 to Thursday? I have a conflict on Wednesday.,ham
"Hey, are you available for lunch tomorrow? I was thinking we could try that new restaurant.",ham
"The yoga class starts at 7 AM. Want to join me tomorrow? Also, did you check the latest pull request?",ham
Adult content: Explicit material waiting for you. Click to view now.,spam
You've received a confidential document. Sign in with your email to view it.,spam
WARNING! Attention: Your tax refund of $10000 is pending. Submit your details now.,spam
The neighbors are having a party this Saturday. We're invited! Looking forward to hearing from you.,ham
"Just wanted to follow up on our meeting yesterday. Can you send me the notes? Also, did you check the latest pull request?",ham
VERIFY YOUR ACCOUNT! Claim your free trial of anti-aging cream today! No credit card required.,spam
ALERT! Free trial expired. Update your payment to continue using Netflix.,spam
VERIFY YOUR ACCOUNT! Your inheritance of $10000 is ready. Contact our lawyer to process your claim.,spam
Reminder: your dentist appointment is tomorrow at 10 AM.,ham
"Hey, are you available for lunch tomorrow? I was thinking we could try that new restaurant. Cheers!",ham
Claim your free trial of weight loss pills today! No credit card required.,spam
The dog needs to go to the vet for his annual checkup. Can you take him?,ham
Could you pick up some groceries on your way home? We need milk and bread.,ham
Your package arrived today. I left it on the kitchen counter. See you at the standup tomorrow.,ham
"LIMITED TIME OFFER! Congratulations! You're our 1,000,000th visitor. Claim your prize now!",spam
ALERT! Lose weight fast without diet or exercise! Try this one weird trick.,spam
Do you know any good plumbers? Our kitchen sink is leaking again.,ham
Please find attached the invoice for last month's services.,ham
The weather looks great this weekend. Want to go hiking?,ham
CONGRATULATIONS! Double your bitcoin investment in 24 hours! Guaranteed returns. Invest now!,spam
I'll be on vacation next week. Sarah will handle my tasks while I'm away. Have a great evening!,ham
DON'T MISS OUT! Earn extra cash by completing simple surveys. Sign up now and get a $1000 bonus!,spam
The new office space looks amazing! Have you seen the rooftop terrace?,ham
The quarterly report is due next week. I'll need your section by Monday.,ham
Movie night tonight? I was thinking we could watch that new thriller. Have a great evening!,ham
"Congratulations on the promotion! You definitely deserved it. By the way, the coffee machine is fixed.",ham
WARNING! Your Amazon account has been locked. Click here to unlock: http://bit.ly/xyz123,spam
Do you know any good plumbers? Our kitchen sink is leaking again.,ham
Your lottery ticket has won $10000! Contact our claims department immediately.,spam
"Dear winner, you are the lucky recipient of $10000. Send your bank details to claim.",spam
Your email has been selected in our annual draw! You've won a brand new car!,spam
Shocking news: Celebrity reveals weight loss secret. Doctors hate this trick!,spam
Thanks for the recommendation letter. It means a lot to me. See you at the standup tomorrow.,ham
ALERT! Your Microsoft subscription is expiring. Renew now to avoid losing access: http://update-now.net/confirm,spam
The project deadline has been extended to next Friday. Let me know if you need help.,ham
DON'T MISS OUT! ALERT: Your HSBC account will be suspended unless you update your information now.,spam
"Dear customer, your Wells Fargo card ending in 4532 has unusual activity. Call us now.",spam
FINAL NOTICE! You have been selected for a special offer! Get brain supplement for FREE. Limited time only!,spam
"Hey, are you available for lunch tomorrow? I was thinking we could try that new restaurant.",ham
Your email has been selected in our annual draw! You've won a brand new car!,spam
LIMITED TIME OFFER! WARNING: Virus detected on your device. Download our security tool immediately.,spam
Reminder: team lunch is on Friday. We're going to that Italian place. Let me know your thoughts when you get a chance.,ham
CLAIM YOUR PRIZE! Get a diploma from a prestigious university! No classes required. Apply today.,spam
DON'T MISS OUT! Your Google subscription is expiring. Renew now to avoid losing access: http://prize-claim.org/winner,spam
I need to renew my passport. Do you know how long it takes? Have a great evening!,ham
Please find attached the invoice for last month's services.,ham
The kids' school play is next Thursday at 6 PM. Can you make it?,ham
FREE! Your computer is running slow. Download our optimizer for instant speed boost!,spam
Are we still on for coffee this afternoon? I'll be at the usual place.,ham
CONGRATULATIONS! Meet beautiful women from Eastern Europe. Join our dating site free today!,spam
URGENT: Your account has been compromised. Verify your identity immediately at http://bit.ly/xyz123,spam
Movie night tonight? I was thinking we could watch that new thriller. See you at the standup tomorrow.,ham
Shocking news: Celebrity reveals weight loss secret. Doctors hate this trick!,spam
Let's brainstorm ideas for the hackathon. I'm thinking something with AI.,ham
The gym is offering a discount for annual memberships. Interested?,ham
Free trial expired. Update your payment to continue using Microsoft.,spam
Shocking news: Celebrity reveals weight loss secret. Doctors hate this trick!,spam
Reduce your mortgage payments by 50%! Call now for a free consultation.,spam
Just finished the sprint retrospective notes. Sharing with the team now.,ham
Can we reschedule our 1:1 to Thursday? I have a conflict on Wednesday. Hope your week is going well!,ham
ALERT! Your Google subscription is expiring. Renew now to avoid losing access: http://bit.ly/xyz123,spam
Hot singles in your area are waiting to meet you! Click here to join free.,spam
Mom wants to know if you're coming for Thanksgiving dinner. Cheers!,ham
Did you see the game last night? What an incredible finish!,ham
Movie night tonight? I was thinking we could watch that new thriller. Let me know your thoughts when you get a chance.,ham
Thanks for your help with the report. I really appreciate it!,ham
You have been selected for a special offer! Get weight loss pills for FREE. Limited time only!,spam
DON'T MISS OUT! URGENT: Wire transfer of $500 received in your name. Confirm identity to release funds.,spam
Join millions of satisfied users! Try VPN service risk-free for 30 days.,spam
FINAL WARNING: Pay your outstanding balance of $5000 or face legal action.,spam
FINAL WARNING: Pay your outstanding balance of $5000 or face legal action.,spam
You have been selected for a special offer! Get weight loss pills for FREE. Limited time only!,spam
Reminder: your dentist appointment is tomorrow at 10 AM. Let me know your thoughts when you get a chance.,ham
CLAIM YOUR PRIZE! Double your bitcoin investment in 24 hours! Guaranteed returns. Invest now!,spam
The quarterly report is due next week. I'll need your section by Monday.,ham
Hot singles in your area are waiting to meet you! Click here to join free.,spam
The project deadline has been extended to next Friday. Let me know if you need help. Hope your week is going well!,ham
Don't forget about the team meeting at 3 PM. We'll discuss Q4 targets. PS: Don't forget to submit your timesheet.,ham
"Hi, I'm a Nigerian prince and I need your help to transfer $5000. You'll get 30%.",spam
Reminder: your dentist appointment is tomorrow at 10 AM. Cheers!,ham
Just finished the sprint retrospective notes. Sharing with the team now.,ham
The code deployment went smoothly. All tests are passing in production.,ham
CONGRATULATIONS! Get a diploma from a prestigious university! No classes required. Apply today.,spam
"Reminder: team lunch is on Friday. We're going to that Italian place. By the way, the coffee machine is fixed.",ham
The project deadline has been extended to next Friday. Let me know if you need help.,ham
The weather looks great this weekend. Want to go hiking? Let me know your thoughts when you get a chance.,ham
Just wanted to follow up on our meeting yesterday. Can you send me the notes?,ham
"Dear winner, you are the lucky recipient of $10000. Send your bank details to claim.",spam
WARNING! Reduce your mortgage payments by 50%! Call now for a free consultation.,spam
"The AC in the conference room is broken again. I've filed a maintenance request. By the way, the coffee machine is fixed.",ham
"Did you see the game last night? What an incredible finish! Also, did you check the latest pull request?",ham
Shocking news: Celebrity reveals weight loss secret. Doctors hate this trick!,spam
IMPORTANT NOTICE! You are one step away from financial freedom! Learn our secret trading strategy.,spam
Happy birthday! Hope you have an amazing day. Let's celebrate this weekend!,ham
Lose weight fast without diet or exercise! Try this one weird trick.,spam
"Please find attached the invoice for last month's services. By the way, the coffee machine is fixed.",ham
Just saw the news about the company merger. What do you think about it? Hope your week is going well!,ham
I'll be working from home tomorrow. You can reach me on Slack or email. PS: Don't forget to submit your timesheet.,ham
"Dear customer, your Chase card ending in 4532 has unusual activity. Call us now.",spam
"Download free movies, music, and software. Unlimited access with premium membership!",spam
CONGRATULATIONS! Important: Your package could not be delivered. Confirm your address here: http://bit.ly/xyz123,spam
Adult content: Explicit material waiting for you. Click to view now.,spam
I loved the photos from your trip! Japan looks absolutely beautiful. Hope your week is going well!,ham
Just saw the news about the company merger. What do you think about it? Let me know your thoughts when you get a chance.,ham
ACTION REQUIRED! URGENT: Your account has been compromised. Verify your identity immediately at http://tinyurl.com/abc456,spam
CONGRATULATIONS! Your computer is running slow. Download our optimizer for instant speed boost!,spam
Your inheritance of $50000 is ready. Contact our lawyer to process your claim.,spam
Reduce your mortgage payments by 50%! Call now for a free consultation.,spam
IMPORTANT NOTICE! Hot singles in your area are waiting to meet you! Click here to join free.,spam
"Dear winner, you are the lucky recipient of $1000. Send your bank details to claim.",spam
FREE! Buy cheap medications online! Up to 80% off. Fast discreet shipping.,spam
"Your package arrived today. I left it on the kitchen counter. Also, did you check the latest pull request?",ham
Can we reschedule our 1:1 to Thursday? I have a conflict on Wednesday. Looking forward to hearing from you.,ham
Your inheritance of $1000 is ready. Contact our lawyer to process your claim.,spam
Just finished the sprint retrospective notes. Sharing with the team now. Let me know your thoughts when you get a chance.,ham
"Can we reschedule our 1:1 to Thursday? I have a conflict on Wednesday. By the way, the coffee machine is fixed.",ham
VERIFY YOUR ACCOUNT! Act now! Lose 19 pounds in 19 days with this miracle pill. Order today!,spam
"SECURITY UPDATE! Dear customer, your Chase card ending in 4532 has unusual activity. Call us now.",spam
The quarterly report is due next week. I'll need your section by Monday.,ham
"FREE! Cheap designer watches, handbags, and shoes. 90% off retail prices!",spam
Exclusive deal just for you! Buy one get one free on all smartwatch. Shop now!,spam
The yoga class starts at 7 AM. Want to join me tomorrow? Hope your week is going well!,ham
ACT NOW! Attention: Your tax refund of $5000 is pending. Submit your details now.,spam
Get a free vacation to the Bahamas! Just complete a short survey to qualify.,spam
ACTION REQUIRED! FINAL WARNING: Pay your outstanding balance of $100 or face legal action.,spam
Are we still on for coffee this afternoon? I'll be at the usual place.,ham
Adult content: Explicit material waiting for you. Click to view now.,spam
"VERIFY YOUR ACCOUNT! Dear winner, you are the lucky recipient of $10000. Send your bank details to claim.",spam
Your package arrived today. I left it on the kitchen counter. Have a great evening!,ham
LIMITED TIME OFFER! URGENT: Wire transfer of $500 received in your name. Confirm identity to release funds.,spam
Did you see the game last night? What an incredible finish! PS: Don't forget to submit your timesheet.,ham
The project deadline has been extended to next Friday. Let me know if you need help. Let me know your thoughts when you get a chance.,ham
The weather looks great this weekend. Want to go hiking? Cheers!,ham
The quarterly report is due next week. I'll need your section by Monday.,ham
The quarterly report is due next week. I'll need your section by Monday. Let me know your thoughts when you get a chance.,ham
I loved the photos from your trip! Japan looks absolutely beautiful.,ham
Earn extra cash by completing simple surveys. Sign up now and get a $50000 bonus!,spam
I finished reading that book you recommended. It was really good!,ham
Did you see the game last night? What an incredible finish!,ham
Your inheritance of $50000 is ready. Contact our lawyer to process your claim.,spam
I've attached the updated spreadsheet. Let me know if the numbers look right. Have a great evening!,ham
Great presentation today! The client seemed really impressed with the proposal.,ham
The project deadline has been extended to next Friday. Let me know if you need help. Hope your week is going well!,ham
ACT NOW! Hot singles in your area are waiting to meet you! Click here to join free.,spam
"Hi, I'm a Nigerian prince and I need your help to transfer $1000. You'll get 30%.",spam
"The new office space looks amazing! Have you seen the rooftop terrace? Also, did you check the latest pull request?",ham
EXCLUSIVE OFFER! Claim your free trial of weight loss pills today! No credit card required.,spam
SECURITY UPDATE! Free iPhone giveaway! Be one of the first 100 to register and win!,spam
Congratulations on the promotion! You definitely deserved it. Looking forward to hearing from you.,ham
Earn extra cash by completing simple surveys. Sign up now and get a $10000 bonus!,spam
I finished reading that book you recommended. It was really good! See you at the standup tomorrow.,ham
ACTION REQUIRED! You qualify for a government grant of $100. No repayment required!,spam
IMPORTANT NOTICE! Exclusive deal just for you! Buy one get one free on all brain supplement. Shop now!,spam
Your package arrived today. I left it on the kitchen counter. Let me know your thoughts when you get a chance.,ham
ALERT! URGENT: Wire transfer of $10000 received in your name. Confirm identity to release funds.,spam
Are we still on for coffee this afternoon? I'll be at the usual place. See you at the standup tomorrow.,ham
FINAL NOTICE! Attention: Your tax refund of $50000 is pending. Submit your details now.,spam
Just wanted to follow up on our meeting yesterday. Can you send me the notes?,ham
VERIFY YOUR ACCOUNT! Important: Your package could not be delivered. Confirm your address here: http://prize-claim.org/winner,spam
We should catch up soon. It's been ages since we last hung out!,ham
The dog needs to go to the vet for his annual checkup. Can you take him?,ham
Mom wants to know if you're coming for Thanksgiving dinner.,ham
Reduce your mortgage payments by 50%! Call now for a free consultation.,spam
Do you know any good plumbers? Our kitchen sink is leaking again. Talk soon!,ham
Thanks for your help with the report. I really appreciate it! Let me know your thoughts when you get a chance.,ham
LIMITED TIME OFFER! ALERT: Your HSBC account will be suspended unless you update your information now.,spam
Your email has been selected in our annual draw! You've won a brand new car!,spam
Free iPhone giveaway! Be one of the first 100 to register and win!,spam
SPECIAL PROMOTION! Free trial expired. Update your payment to continue using Google.,spam
"The weather looks great this weekend. Want to go hiking? Also, did you check the latest pull request?",ham
Act now! Lose 8 pounds in 8 days with this miracle pill. Order today!,spam
URGENT: Your account has been compromised. Verify your identity immediately at http://update-now.net/confirm,spam
FREE! Your inheritance of $1000 is ready. Contact our lawyer to process your claim.,spam
"IMPORTANT NOTICE! Cheap designer watches, handbags, and shoes. 90% off retail prices!",spam
DON'T MISS OUT! Free iPhone giveaway! Be one of the first 100 to register and win!,spam
Attention: Your tax refund of $1000 is pending. Submit your details now.,spam
Your Amazon subscription is expiring. Renew now to avoid losing access: http://prize-claim.org/winner,spam
ACTION REQUIRED! Earn extra cash by completing simple surveys. Sign up now and get a $10000 bonus!,spam
SECURITY UPDATE! Your Google account has been locked. Click here to unlock: http://update-now.net/confirm,spam
Can you help me move this Saturday? I'll buy pizza and beer.,ham
"The project deadline has been extended to next Friday. Let me know if you need help. Also, did you check the latest pull request?",ham
ACT NOW! Investment opportunity: 500% returns guaranteed. Minimum investment just $1000.,spam
Reduce your mortgage payments by 50%! Call now for a free consultation.,spam
Free trial expired. Update your payment to continue using Netflix.,spam
"EXCLUSIVE OFFER! Download free movies, music, and software. Unlimited access with premium membership!",spam
Thanks for your help with the report. I really appreciate it!,ham
The kids' school play is next Thursday at 6 PM. Can you make it?,ham
"Great presentation today! The client seemed really impressed with the proposal. Also, did you check the latest pull request?",ham
WARNING! You've received a confidential document. Sign in with your email to view it.,spam
LIMITED TIME OFFER! WARNING: Virus detected on your device. Download our security tool immediately.,spam
Just wanted to follow up on our meeting yesterday. Can you send me the notes?,ham
Don't forget about the team meeting at 3 PM. We'll discuss Q4 targets.,ham
CONGRATULATIONS! Free iPhone giveaway! Be one of the first 100 to register and win!,spam
"URGENT! Download free movies, music, and software. Unlimited access with premium membership!",spam
Shocking news: Celebrity reveals weight loss secret. Doctors hate this trick!,spam
URGENT: Wire transfer of $10000 received in your name. Confirm identity to release funds.,spam
Can we reschedule our 1:1 to Thursday? I have a conflict on Wednesday.,ham
CONGRATULATIONS! Your computer is running slow. Download our optimizer for instant speed boost!,spam
Let's schedule a call to discuss the new feature requirements.,ham
SPECIAL PROMOTION! Attention: Your tax refund of $100 is pending. Submit your details now.,spam
FREE! Your PayPal subscription is expiring. Renew now to avoid losing access: http://tinyurl.com/abc456,spam
ACTION REQUIRED! Join millions of satisfied users! Try brain supplement risk-free for 30 days.,spam
I'm thinking of getting a new laptop. Any suggestions? PS: Don't forget to submit your timesheet.,ham
WINNER! You are one step away from financial freedom! Learn our secret trading strategy.,spam
Could you pick up some groceries on your way home? We need milk and bread.,ham
WINNER! WARNING: Virus detected on your device. Download our security tool immediately.,spam
The neighbors are having a party this Saturday. We're invited!,ham
EXCLUSIVE OFFER! WARNING: Virus detected on your device. Download our security tool immediately.,spam
FINAL NOTICE! Free iPhone giveaway! Be one of the first 100 to register and win!,spam
Great presentation today! The client seemed really impressed with the proposal. See you at the standup tomorrow.,ham
The flight is confirmed for July 15th. I'll forward you the itinerary.,ham
"Hey, are you available for lunch tomorrow? I was thinking we could try that new restaurant. Talk soon!",ham
We should catch up soon. It's been ages since we last hung out!,ham
ACTION REQUIRED! You've received a confidential document. Sign in with your email to view it.,spam
I'll be working from home tomorrow. You can reach me on Slack or email.,ham
I need to renew my passport. Do you know how long it takes?,ham
Double your bitcoin investment in 24 hours! Guaranteed returns. Invest now!,spam
EXCLUSIVE OFFER! Get rich quick! Follow our simple 3-step system to make $1000 weekly.,spam
Your lottery ticket has won $50000! Contact our claims department immediately.,spam
Just finished the sprint retrospective notes. Sharing with the team now.,ham
The yoga class starts at 7 AM. Want to join me tomorrow?,ham
Can we reschedule our 1:1 to Thursday? I have a conflict on Wednesday.,ham
Adult content: Explicit material waiting for you. Click to view now.,spam
"ALERT! Download free movies, music, and software. Unlimited access with premium membership!",spam
Did you see the game last night? What an incredible finish!,ham
Just checking in — how are you feeling? I hope you're getting better. Talk soon!,ham
The AC in the conference room is broken again. I've filed a maintenance request.,ham
URGENT: Your account has been compromised. Verify your identity immediately at http://tinyurl.com/abc456,spam
Congratulations on the promotion! You definitely deserved it.,ham
Your Amazon subscription is expiring. Renew now to avoid losing access: http://tinyurl.com/abc456,spam
WINNER! Your inheritance of $500 is ready. Contact our lawyer to process your claim.,spam
"FINAL NOTICE! Dear winner, you are the lucky recipient of $50000. Send your bank details to claim.",spam
URGENT! You've been chosen for an exclusive credit card with $500 limit. Pre-approved!,spam
"Cheap designer watches, handbags, and shoes. 90% off retail prices!",spam
Join millions of satisfied users! Try VPN service risk-free for 30 days.,spam
The kids' school play is next Thursday at 6 PM. Can you make it?,ham
Can you help me move this Saturday? I'll buy pizza and beer.,ham
Great presentation today! The client seemed really impressed with the proposal.,ham
SPECIAL PROMOTION! Adult content: Explicit material waiting for you. Click to view now.,spam
"CLAIM YOUR PRIZE! Dear customer, your HSBC card ending in 4532 has unusual activity. Call us now.",spam
"Cheap designer watches, handbags, and shoes. 90% off retail prices!",spam
Don't forget about the team meeting at 3 PM. We'll discuss Q4 targets.,ham
"Do you know any good plumbers? Our kitchen sink is leaking again. By the way, the coffee machine is fixed.",ham
You've been chosen for an exclusive credit card with $5000 limit. Pre-approved!,spam
ALERT! Congratulations! You've won a $50000 gift card. Click here to claim now!,spam
The gym is offering a discount for annual memberships. Interested? PS: Don't forget to submit your timesheet.,ham
WARNING: Virus detected on your device. Download our security tool immediately.,spam
Sorry I missed your call. I was in a meeting. What did you need? See you at the standup tomorrow.,ham
Sorry I missed your call. I was in a meeting. What did you need?,ham
Thanks for your help with the report. I really appreciate it!,ham
The quarterly report is due next week. I'll need your section by Monday. See you at the standup tomorrow.,ham
CLAIM YOUR PRIZE! URGENT: Your account has been compromised. Verify your identity immediately at http://tinyurl.com/abc456,spam
CONGRATULATIONS! ALERT: Your Wells Fargo account will be suspended unless you update your information now.,spam
Please find attached the invoice for last month's services. Let me know your thoughts when you get a chance.,ham
"The yoga class starts at 7 AM. Want to join me tomorrow? Also, did you check the latest pull request?",ham
"Hey, are you available for lunch tomorrow? I was thinking we could try that new restaurant.",ham
Adult content: Explicit material waiting for you. Click to view now.,spam
FINAL NOTICE! Meet beautiful women from Eastern Europe. Join our dating site free today!,spam
FINAL WARNING: Pay your outstanding balance of $1000000 or face legal action.,spam
Happy birthday! Hope you have an amazing day. Let's celebrate this weekend! Looking forward to hearing from you.,ham
Hot singles in your area are waiting to meet you! Click here to join free.,spam
Do you know any good plumbers? Our kitchen sink is leaking again.,ham
Congratulations on the promotion! You definitely deserved it.,ham
I updated the API documentation. Can you review the new endpoints?,ham
FINAL NOTICE! FINAL NOTICE: Your domain name will be deleted unless you renew immediately.,spam
I loved the photos from your trip! Japan looks absolutely beautiful.,ham
Your computer is running slow. Download our optimizer for instant speed boost!,spam
Sorry I missed your call. I was in a meeting. What did you need?,ham
You are one step away from financial freedom! Learn our secret trading strategy.,spam
DON'T MISS OUT! Investment opportunity: 500% returns guaranteed. Minimum investment just $10000.,spam
Your computer is running slow. Download our optimizer for instant speed boost!,spam
Happy birthday! Hope you have an amazing day. Let's celebrate this weekend!,ham
The quarterly report is due next week. I'll need your section by Monday.,ham
Your computer is running slow. Download our optimizer for instant speed boost!,spam
Do you know any good plumbers? Our kitchen sink is leaking again.,ham
FINAL NOTICE: Your domain name will be deleted unless you renew immediately.,spam
The neighbors are having a party this Saturday. We're invited! PS: Don't forget to submit your timesheet.,ham
The AC in the conference room is broken again. I've filed a maintenance request. See you at the standup tomorrow.,ham
"Hey, are you available for lunch tomorrow? I was thinking we could try that new restaurant.",ham
Just saw the news about the company merger. What do you think about it?,ham
EXCLUSIVE OFFER! ALERT: Your Citibank account will be suspended unless you update your information now.,spam
The quarterly report is due next week. I'll need your section by Monday.,ham
Your Microsoft account has been locked. Click here to unlock: http://prize-claim.org/winner,spam
Reminder: team lunch is on Friday. We're going to that Italian place.,ham
Great presentation today! The client seemed really impressed with the proposal.,ham
I updated the API documentation. Can you review the new endpoints? See you at the standup tomorrow.,ham
Please find attached the invoice for last month's services.,ham
I updated the API documentation. Can you review the new endpoints?,ham
I updated the API documentation. Can you review the new endpoints?,ham
ACTION REQUIRED! WARNING: Virus detected on your device. Download our security tool immediately.,spam
"Download free movies, music, and software. Unlimited access with premium membership!",spam
Buy cheap medications online! Up to 80% off. Fast discreet shipping.,spam
Are we still on for coffee this afternoon? I'll be at the usual place.,ham
Can you review the document I shared and provide feedback by end of day? See you at the standup tomorrow.,ham
Meet beautiful women from Eastern Europe. Join our dating site free today!,spam
Double your bitcoin investment in 24 hours! Guaranteed returns. Invest now!,spam
Your package arrived today. I left it on the kitchen counter. Cheers!,ham
"Hi, I'm a Nigerian prince and I need your help to transfer $500. You'll get 30%.",spam
"The weather looks great this weekend. Want to go hiking? Also, did you check the latest pull request?",ham
Just checking in — how are you feeling? I hope you're getting better.,ham
The code deployment went smoothly. All tests are passing in production.,ham
WARNING! Free iPhone giveaway! Be one of the first 100 to register and win!,spam
The code deployment went smoothly. All tests are passing in production.,ham
The kids' school play is next Thursday at 6 PM. Can you make it?,ham
Your computer is running slow. Download our optimizer for instant speed boost!,spam
"Congratulations! You're our 1,000,000th visitor. Claim your prize now!",spam
FINAL NOTICE! SECURITY ALERT: Someone tried to log into your account. Reset password now.,spam
Your lottery ticket has won $100! Contact our claims department immediately.,spam
Work from home and earn $500/month. Join our team of successful entrepreneurs!,spam
The weather looks great this weekend. Want to go hiking? Talk soon!,ham
Can we reschedule our 1:1 to Thursday? I have a conflict on Wednesday.,ham
Happy birthday! Hope you have an amazing day. Let's celebrate this weekend! Looking forward to hearing from you.,ham
Can you review the document I shared and provide feedback by end of day? See you at the standup tomorrow.,ham
"The kids' school play is next Thursday at 6 PM. Can you make it? Also, did you check the latest pull request?",ham
SECURITY ALERT: Someone tried to log into your account. Reset password now.,spam
The gym is offering a discount for annual memberships. Interested? Have a great evening!,ham
The AC in the conference room is broken again. I've filed a maintenance request.,ham
ALERT! Hot singles in your area are waiting to meet you! Click here to join free.,spam
VERIFY YOUR ACCOUNT! You are one step away from financial freedom! Learn our secret trading strategy.,spam
Just wanted to follow up on our meeting yesterday. Can you send me the notes? Talk soon!,ham
I'll be on vacation next week. Sarah will handle my tasks while I'm away. Hope your week is going well!,ham
Sorry I missed your call. I was in a meeting. What did you need? See you at the standup tomorrow.,ham
Just finished the sprint retrospective notes. Sharing with the team now.,ham
Just saw the news about the company merger. What do you think about it?,ham
ACTION REQUIRED! Double your bitcoin investment in 24 hours! Guaranteed returns. Invest now!,spam
"Cheap designer watches, handbags, and shoes. 90% off retail prices!",spam
Reminder: your dentist appointment is tomorrow at 10 AM.,ham
The quarterly report is due next week. I'll need your section by Monday. Have a great evening!,ham
FINAL NOTICE: Your domain name will be deleted unless you renew immediately.,spam
Your computer is running slow. Download our optimizer for instant speed boost!,spam
"Hey, are you available for lunch tomorrow? I was thinking we could try that new restaurant. PS: Don't forget to submit your timesheet.",ham
Do you know any good plumbers? Our kitchen sink is leaking again. Cheers!,ham
Please find attached the invoice for last month's services.,ham
I've submitted the code review. A few minor comments but overall looks great.,ham
Join millions of satisfied users! Try brain supplement risk-free for 30 days.,spam
I'll be working from home tomorrow. You can reach me on Slack or email. Looking forward to hearing from you.,ham
WARNING! Reduce your mortgage payments by 50%! Call now for a free consultation.,spam
Reminder: your dentist appointment is tomorrow at 10 AM.,ham
"ACT NOW! Dear customer, your Wells Fargo card ending in 4532 has unusual activity. Call us now.",spam
Your package arrived today. I left it on the kitchen counter. Looking forward to hearing from you.,ham
DON'T MISS OUT! Investment opportunity: 500% returns guaranteed. Minimum investment just $50000.,spam
Shocking news: Celebrity reveals weight loss secret. Doctors hate this trick!,spam
The project deadline has been extended to next Friday. Let me know if you need help. Let me know your thoughts when you get a chance.,ham
I loved the photos from your trip! Japan looks absolutely beautiful. Cheers!,ham
You have been selected for a special offer! Get brain supplement for FREE. Limited time only!,spam
The code deployment went smoothly. All tests are passing in production. Let me know your thoughts when you get a chance.,ham
The weather looks great this weekend. Want to go hiking? PS: Don't forget to submit your timesheet.,ham
WINNER! Your computer is running slow. Download our optimizer for instant speed boost!,spam
Lose weight fast without diet or exercise! Try this one weird trick.,spam
Reminder: team lunch is on Friday. We're going to that Italian place.,ham
I've submitted the code review. A few minor comments but overall looks great. Let me know your thoughts when you get a chance.,ham
Did you see the game last night? What an incredible finish! Talk soon!,ham
CONGRATULATIONS! Meet beautiful women from Eastern Europe. Join our dating site free today!,spam
Get a diploma from a prestigious university! No classes required. Apply today.,spam
I'll be on vacation next week. Sarah will handle my tasks while I'm away.,ham
"Don't forget about the team meeting at 3 PM. We'll discuss Q4 targets. Also, did you check the latest pull request?",ham
Your package arrived today. I left it on the kitchen counter. Hope your week is going well!,ham
Sorry I missed your call. I was in a meeting. What did you need? Talk soon!,ham
Happy birthday! Hope you have an amazing day. Let's celebrate this weekend! Looking forward to hearing from you.,ham
Don't forget about the team meeting at 3 PM. We'll discuss Q4 targets. PS: Don't forget to submit your timesheet.,ham
Reminder: team lunch is on Friday. We're going to that Italian place.,ham
URGENT: Wire transfer of $1000000 received in your name. Confirm identity to release funds.,spam
Thanks for the recommendation letter. It means a lot to me.,ham
I'm thinking of getting a new laptop. Any suggestions?,ham
FINAL NOTICE! Free iPhone giveaway! Be one of the first 100 to register and win!,spam
IMPORTANT NOTICE! Your Google subscription is expiring. Renew now to avoid losing access: http://tinyurl.com/abc456,spam
Double your bitcoin investment in 24 hours! Guaranteed returns. Invest now!,spam
ALERT! You are one step away from financial freedom! Learn our secret trading strategy.,spam
Did you see the game last night? What an incredible finish!,ham
Your lottery ticket has won $5000! Contact our claims department immediately.,spam
Movie night tonight? I was thinking we could watch that new thriller.,ham
The AC in the conference room is broken again. I've filed a maintenance request.,ham
Free trial expired. Update your payment to continue using Microsoft.,spam
The dog needs to go to the vet for his annual checkup. Can you take him?,ham
ACTION REQUIRED! You've received a confidential document. Sign in with your email to view it.,spam
ALERT: Your HSBC account will be suspended unless you update your information now.,spam
"SECURITY UPDATE! Dear customer, your Chase card ending in 4532 has unusual activity. Call us now.",spam
The quarterly report is due next week. I'll need your section by Monday.,ham
URGENT: Wire transfer of $100 received in your name. Confirm identity to release funds.,spam
Hot singles in your area are waiting to meet you! Click here to join free.,spam
URGENT! Your lottery ticket has won $500! Contact our claims department immediately.,spam
Lose weight fast without diet or exercise! Try this one weird trick.,spam
The new office space looks amazing! Have you seen the rooftop terrace? Have a great evening!,ham
"ACTION REQUIRED! Dear winner, you are the lucky recipient of $1000000. Send your bank details to claim.",spam
CONGRATULATIONS! Meet beautiful women from Eastern Europe. Join our dating site free today!,spam
Can you help me move this Saturday? I'll buy pizza and beer. Have a great evening!,ham
Are we still on for coffee this afternoon? I'll be at the usual place.,ham
Can we reschedule our 1:1 to Thursday? I have a conflict on Wednesday. Looking forward to hearing from you.,ham
FINAL WARNING: Pay your outstanding balance of $5000 or face legal action.,spam
Reminder: your dentist appointment is tomorrow at 10 AM.,ham
Just saw the news about the company merger. What do you think about it?,ham
The code deployment went smoothly. All tests are passing in production.,ham
I've submitted the code review. A few minor comments but overall looks great. Cheers!,ham
Did you see the game last night? What an incredible finish!,ham
Congratulations on the promotion! You definitely deserved it. Let me know your thoughts when you get a chance.,ham
The dog needs to go to the vet for his annual checkup. Can you take him? Cheers!,ham
CLAIM YOUR PRIZE! Attention: Your tax refund of $500 is pending. Submit your details now.,spam
Important: Your package could not be delivered. Confirm your address here: http://tinyurl.com/abc456,spam
ALERT! Congratulations! You've won a $5000 gift card. Click here to claim now!,spam
We should catch up soon. It's been ages since we last hung out!,ham
Just checking in — how are you feeling? I hope you're getting better. PS: Don't forget to submit your timesheet.,ham
"The new office space looks amazing! Have you seen the rooftop terrace? By the way, the coffee machine is fixed.",ham
URGENT: Your account has been compromised. Verify your identity immediately at http://secure-verify.com/login,spam
Just saw the news about the company merger. What do you think about it? Talk soon!,ham
You've received a confidential document. Sign in with your email to view it.,spam
URGENT: Your account has been compromised. Verify your identity immediately at http://update-now.net/confirm,spam
The quarterly report is due next week. I'll need your section by Monday.,ham
I'm thinking of getting a new laptop. Any suggestions?,ham
"WINNER! Dear customer, your Chase card ending in 4532 has unusual activity. Call us now.",spam
Do you know any good plumbers? Our kitchen sink is leaking again.,ham
Earn extra cash by completing simple surveys. Sign up now and get a $500 bonus!,spam
Reminder: team lunch is on Friday. We're going to that Italian place. Cheers!,ham
DON'T MISS OUT! Congratulations! You've won a $50000 gift card. Click here to claim now!,spam
Attention: Your tax refund of $5000 is pending. Submit your details now.,spam
URGENT: Wire transfer of $10000 received in your name. Confirm identity to release funds.,spam
Exclusive deal just for you! Buy one get one free on all brain supplement. Shop now!,spam
"ACTION REQUIRED! Cheap designer watches, handbags, and shoes. 90% off retail prices!",spam
Just wanted to follow up on our meeting yesterday. Can you send me the notes?,ham
VERIFY YOUR ACCOUNT! URGENT: Your account has been compromised. Verify your identity immediately at http://secure-verify.com/login,spam
DON'T MISS OUT! Hot singles in your area are waiting to meet you! Click here to join free.,spam
Make $50000 per week working from home! No experience needed. Start today!,spam
"IMPORTANT NOTICE! Dear customer, your Chase card ending in 4532 has unusual activity. Call us now.",spam
Please find attached the invoice for last month's services. Talk soon!,ham
"FINAL NOTICE! Download free movies, music, and software. Unlimited access with premium membership!",spam
"Download free movies, music, and software. Unlimited access with premium membership!",spam
The neighbors are having a party this Saturday. We're invited!,ham
FREE! You've been chosen for an exclusive credit card with $5000 limit. Pre-approved!,spam
"The flight is confirmed for July 15th. I'll forward you the itinerary. Also, did you check the latest pull request?",ham
CONGRATULATIONS! Earn extra cash by completing simple surveys. Sign up now and get a $1000 bonus!,spam
We should catch up soon. It's been ages since we last hung out!,ham
Your package arrived today. I left it on the kitchen counter.,ham
SECURITY UPDATE! You've received a confidential document. Sign in with your email to view it.,spam
Free iPhone giveaway! Be one of the first 100 to register and win!,spam
CLAIM YOUR PRIZE! Investment opportunity: 500% returns guaranteed. Minimum investment just $50000.,spam
"LIMITED TIME OFFER! Cheap designer watches, handbags, and shoes. 90% off retail prices!",spam
VERIFY YOUR ACCOUNT! FINAL WARNING: Pay your outstanding balance of $50000 or face legal action.,spam
Earn extra cash by completing simple surveys. Sign up now and get a $1000000 bonus!,spam
CONGRATULATIONS! You've received a confidential document. Sign in with your email to view it.,spam
VERIFY YOUR ACCOUNT! SECURITY ALERT: Someone tried to log into your account. Reset password now.,spam
CONGRATULATIONS! Your email has been selected in our annual draw! You've won a brand new car!,spam
"The neighbors are having a party this Saturday. We're invited! By the way, the coffee machine is fixed.",ham
CONGRATULATIONS! Your inheritance of $50000 is ready. Contact our lawyer to process your claim.,spam
The kids' school play is next Thursday at 6 PM. Can you make it? PS: Don't forget to submit your timesheet.,ham
Reminder: your dentist appointment is tomorrow at 10 AM.,ham
URGENT: Your account has been compromised. Verify your identity immediately at http://bit.ly/xyz123,spam
Free trial expired. Update your payment to continue using Netflix.,spam
"Congratulations! You're our 1,000,000th visitor. Claim your prize now!",spam
Great presentation today! The client seemed really impressed with the proposal.,ham
IMPORTANT NOTICE! Adult content: Explicit material waiting for you. Click to view now.,spam
Your inheritance of $100 is ready. Contact our lawyer to process your claim.,spam
ACTION REQUIRED! You've been chosen for an exclusive credit card with $5000 limit. Pre-approved!,spam
Important: Your package could not be delivered. Confirm your address here: http://bit.ly/xyz123,spam
LIMITED TIME OFFER! Meet beautiful women from Eastern Europe. Join our dating site free today!,spam
SECURITY UPDATE! FINAL NOTICE: Your domain name will be deleted unless you renew immediately.,spam
"Can you send me the WiFi password? I'm at the office and can't connect. Also, did you check the latest pull request?",ham
Don't forget about the team meeting at 3 PM. We'll discuss Q4 targets. Cheers!,ham
Let's brainstorm ideas for the hackathon. I'm thinking something with AI. Hope your week is going well!,ham
Can you send me the WiFi password? I'm at the office and can't connect. Hope your week is going well!,ham
The kids' school play is next Thursday at 6 PM. Can you make it?,ham
IMPORTANT NOTICE! Free trial expired. Update your payment to continue using Amazon.,spam
"Thanks for the recommendation letter. It means a lot to me. By the way, the coffee machine is fixed.",ham
IMPORTANT NOTICE! Your lottery ticket has won $5000! Contact our claims department immediately.,spam
Reminder: your dentist appointment is tomorrow at 10 AM. PS: Don't forget to submit your timesheet.,ham
The new office space looks amazing! Have you seen the rooftop terrace?,ham
ALERT! Your inheritance of $1000 is ready. Contact our lawyer to process your claim.,spam
The neighbors are having a party this Saturday. We're invited! PS: Don't forget to submit your timesheet.,ham
"Hey, are you available for lunch tomorrow? I was thinking we could try that new restaurant.",ham
ACTION REQUIRED! Meet beautiful women from Eastern Europe. Join our dating site free today!,spam
ALERT! You've been pre-approved for a loan of $50000. Low interest rates! Apply now.,spam
Movie night tonight? I was thinking we could watch that new thriller. PS: Don't forget to submit your timesheet.,ham
"The neighbors are having a party this Saturday. We're invited! By the way, the coffee machine is fixed.",ham
I updated the API documentation. Can you review the new endpoints?,ham
Can you send me the WiFi password? I'm at the office and can't connect.,ham
I loved the photos from your trip! Japan looks absolutely beautiful. Hope your week is going well!,ham
VERIFY YOUR ACCOUNT! Buy cheap medications online! Up to 80% off. Fast discreet shipping.,spam
"The kids' school play is next Thursday at 6 PM. Can you make it? By the way, the coffee machine is fixed.",ham
Meet beautiful women from Eastern Europe. Join our dating site free today!,spam
Happy birthday! Hope you have an amazing day. Let's celebrate this weekend!,ham
Congratulations on the promotion! You definitely deserved it.,ham
The project deadline has been extended to next Friday. Let me know if you need help.,ham
WARNING: Virus detected on your device. Download our security tool immediately.,spam
"Dear winner, you are the lucky recipient of $500. Send your bank details to claim.",spam
"Movie night tonight? I was thinking we could watch that new thriller. Also, did you check the latest pull request?",ham
Did you see the game last night? What an incredible finish!,ham
VERIFY YOUR ACCOUNT! Reduce your mortgage payments by 50%! Call now for a free consultation.,spam
Get a diploma from a prestigious university! No classes required. Apply today.,spam
DON'T MISS OUT! Claim your free trial of smartwatch today! No credit card required.,spam
"CONGRATULATIONS! Download free movies, music, and software. Unlimited access with premium membership!",spam
VERIFY YOUR ACCOUNT! You've been chosen for an exclusive credit card with $100 limit. Pre-approved!,spam
LIMITED TIME OFFER! Your lottery ticket has won $10000! Contact our claims department immediately.,spam
CONGRATULATIONS! Buy cheap medications online! Up to 80% off. Fast discreet shipping.,spam
The code deployment went smoothly. All tests are passing in production.,ham
ALERT: Your Citibank account will be suspended unless you update your information now.,spam
"Dear customer, your Bank of America card ending in 4532 has unusual activity. Call us now.",spam
The dog needs to go to the vet for his annual checkup. Can you take him?,ham
ALERT: Your Chase account will be suspended unless you update your information now.,spam
Please find attached the invoice for last month's services. Talk soon!,ham
Are we still on for coffee this afternoon? I'll be at the usual place. Have a great evening!,ham
"CONGRATULATIONS! Dear customer, your Citibank card ending in 4532 has unusual activity. Call us now.",spam
Are we still on for coffee this afternoon? I'll be at the usual place.,ham
FINAL NOTICE! Your Amazon account has been locked. Click here to unlock: http://update-now.net/confirm,spam
ACT NOW! Work from home and earn $50000/month. Join our team of successful entrepreneurs!,spam
EXCLUSIVE OFFER! FINAL NOTICE: Your domain name will be deleted unless you renew immediately.,spam
Your package arrived today. I left it on the kitchen counter. PS: Don't forget to submit your timesheet.,ham
"I've submitted the code review. A few minor comments but overall looks great. Also, did you check the latest pull request?",ham
FREE! Your lottery ticket has won $10000! Contact our claims department immediately.,spam
FINAL NOTICE! Free trial expired. Update your payment to continue using PayPal.,spam
The quarterly report is due next week. I'll need your section by Monday. PS: Don't forget to submit your timesheet.,ham
"FINAL NOTICE! Hi, I'm a Nigerian prince and I need your help to transfer $100. You'll get 30%.",spam
EXCLUSIVE OFFER! You've been chosen for an exclusive credit card with $1000 limit. Pre-approved!,spam
The project deadline has been extended to next Friday. Let me know if you need help. Talk soon!,ham
"Dear winner, you are the lucky recipient of $50000. Send your bank details to claim.",spam
Investment opportunity: 500% returns guaranteed. Minimum investment just $10000.,spam
Sorry I missed your call. I was in a meeting. What did you need?,ham
Congratulations! You've won a $10000 gift card. Click here to claim now!,spam
Act now! Lose 10 pounds in 10 days with this miracle pill. Order today!,spam
Just wanted to follow up on our meeting yesterday. Can you send me the notes?,ham
CLAIM YOUR PRIZE! Get rich quick! Follow our simple 3-step system to make $1000000 weekly.,spam
Happy birthday! Hope you have an amazing day. Let's celebrate this weekend!,ham
"SECURITY UPDATE! Congratulations! You're our 1,000,000th visitor. Claim your prize now!",spam
I'll be working from home tomorrow. You can reach me on Slack or email. Cheers!,ham
Just checking in — how are you feeling? I hope you're getting better. Have a great evening!,ham
The quarterly report is due next week. I'll need your section by Monday.,ham
I'll be working from home tomorrow. You can reach me on Slack or email.,ham
The neighbors are having a party this Saturday. We're invited!,ham
Reminder: team lunch is on Friday. We're going to that Italian place.,ham
The gym is offering a discount for annual memberships. Interested? Talk soon!,ham
IMPORTANT NOTICE! Get a free vacation to the Bahamas! Just complete a short survey to qualify.,spam
Just finished the sprint retrospective notes. Sharing with the team now.,ham
Get a diploma from a prestigious university! No classes required. Apply today.,spam
WARNING! You are one step away from financial freedom! Learn our secret trading strategy.,spam
ACT NOW! URGENT: Wire transfer of $50000 received in your name. Confirm identity to release funds.,spam
Please find attached the invoice for last month's services.,ham
The yoga class starts at 7 AM. Want to join me tomorrow? Talk soon!,ham
WARNING! You are one step away from financial freedom! Learn our secret trading strategy.,spam
WARNING! Lose weight fast without diet or exercise! Try this one weird trick.,spam
The AC in the conference room is broken again. I've filed a maintenance request.,ham
Make $1000 per week working from home! No experience needed. Start today!,spam
"WARNING! Download free movies, music, and software. Unlimited access with premium membership!",spam
VERIFY YOUR ACCOUNT! Your inheritance of $100 is ready. Contact our lawyer to process your claim.,spam
Limited time: Get premium Google for 90% off. Use code SAVE90 at checkout.,spam
CLAIM YOUR PRIZE! FINAL WARNING: Pay your outstanding balance of $50000 or face legal action.,spam
"Congratulations! You're our 1,000,000th visitor. Claim your prize now!",spam
"The weather looks great this weekend. Want to go hiking? By the way, the coffee machine is fixed.",ham
FINAL NOTICE! WARNING: Virus detected on your device. Download our security tool immediately.,spam
Could you pick up some groceries on your way home? We need milk and bread.,ham
DON'T MISS OUT! WARNING: Virus detected on your device. Download our security tool immediately.,spam
Investment opportunity: 500% returns guaranteed. Minimum investment just $50000.,spam
Did you see the game last night? What an incredible finish!,ham
ALERT: Your Bank of America account will be suspended unless you update your information now.,spam
You are one step away from financial freedom! Learn our secret trading strategy.,spam
SPECIAL PROMOTION! Free trial expired. Update your payment to continue using Amazon.,spam
Claim your free trial of smartwatch today! No credit card required.,spam
"The flight is confirmed for July 15th. I'll forward you the itinerary. By the way, the coffee machine is fixed.",ham
Mom wants to know if you're coming for Thanksgiving dinner. See you at the standup tomorrow.,ham
SECURITY UPDATE! Meet beautiful women from Eastern Europe. Join our dating site free today!,spam
Great presentation today! The client seemed really impressed with the proposal. Let me know your thoughts when you get a chance.,ham
Earn extra cash by completing simple surveys. Sign up now and get a $10000 bonus!,spam
ACTION REQUIRED! You are one step away from financial freedom! Learn our secret trading strategy.,spam
LIMITED TIME OFFER! Shocking news: Celebrity reveals weight loss secret. Doctors hate this trick!,spam
Free trial expired. Update your payment to continue using Netflix.,spam
The kids' school play is next Thursday at 6 PM. Can you make it?,ham
I've submitted the code review. A few minor comments but overall looks great. Cheers!,ham
WARNING! Your inheritance of $10000 is ready. Contact our lawyer to process your claim.,spam
"Dear winner, you are the lucky recipient of $1000. Send your bank details to claim.",spam
Just finished the sprint retrospective notes. Sharing with the team now.,ham
"Hi, I'm a Nigerian prince and I need your help to transfer $10000. You'll get 30%.",spam
FINAL NOTICE! Your Google subscription is expiring. Renew now to avoid losing access: http://tinyurl.com/abc456,spam
Lose weight fast without diet or exercise! Try this one weird trick.,spam
"Did you see the game last night? What an incredible finish! By the way, the coffee machine is fixed.",ham
I'm thinking of getting a new laptop. Any suggestions?,ham
SECURITY ALERT: Someone tried to log into your account. Reset password now.,spam
"Congratulations! You're our 1,000,000th visitor. Claim your prize now!",spam
Can we reschedule our 1:1 to Thursday? I have a conflict on Wednesday. Have a great evening!,ham
Free iPhone giveaway! Be one of the first 100 to register and win!,spam
Sorry I missed your call. I was in a meeting. What did you need? Have a great evening!,ham
FINAL NOTICE! Adult content: Explicit material waiting for you. Click to view now.,spam
"Great presentation today! The client seemed really impressed with the proposal. By the way, the coffee machine is fixed.",ham
I loved the photos from your trip! Japan looks absolutely beautiful. Have a great evening!,ham
I need to renew my passport. Do you know how long it takes? See you at the standup tomorrow.,ham
EXCLUSIVE OFFER! Make $100 per week working from home! No experience needed. Start today!,spam
SECURITY UPDATE! Get a diploma from a prestigious university! No classes required. Apply today.,spam
WINNER! FINAL WARNING: Pay your outstanding balance of $10000 or face legal action.,spam
You've been chosen for an exclusive credit card with $10000 limit. Pre-approved!,spam
Act now! Lose 21 pounds in 21 days with this miracle pill. Order today!,spam
We should catch up soon. It's been ages since we last hung out! Let me know your thoughts when you get a chance.,ham
I'm thinking of getting a new laptop. Any suggestions?,ham
The gym is offering a discount for annual memberships. Interested? PS: Don't forget to submit your timesheet.,ham
Just saw the news about the company merger. What do you think about it?,ham
The weather looks great this weekend. Want to go hiking? Hope your week is going well!,ham
Important: Your package could not be delivered. Confirm your address here: http://tinyurl.com/abc456,spam
I'll be working from home tomorrow. You can reach me on Slack or email. Hope your week is going well!,ham
Free trial expired. Update your payment to continue using Amazon.,spam
Can we reschedule our 1:1 to Thursday? I have a conflict on Wednesday. Cheers!,ham
URGENT: Wire transfer of $10000 received in your name. Confirm identity to release funds.,spam
CONGRATULATIONS! URGENT: Wire transfer of $5000 received in your name. Confirm identity to release funds.,spam
I updated the API documentation. Can you review the new endpoints?,ham
We should catch up soon. It's been ages since we last hung out! Let me know your thoughts when you get a chance.,ham
ACT NOW! Join millions of satisfied users! Try weight loss pills risk-free for 30 days.,spam
SPECIAL PROMOTION! Make $100 per week working from home! No experience needed. Start today!,spam
Shocking news: Celebrity reveals weight loss secret. Doctors hate this trick!,spam
We should catch up soon. It's been ages since we last hung out! Talk soon!,ham
SECURITY UPDATE! FINAL NOTICE: Your domain name will be deleted unless you renew immediately.,spam
Great presentation today! The client seemed really impressed with the proposal.,ham
Investment opportunity: 500% returns guaranteed. Minimum investment just $100.,spam
"ACT NOW! Dear customer, your Citibank card ending in 4532 has unusual activity. Call us now.",spam
URGENT: Your account has been compromised. Verify your identity immediately at http://secure-verify.com/login,spam
The project deadline has been extended to next Friday. Let me know if you need help.,ham
Just checking in — how are you feeling? I hope you're getting better.,ham
Your computer is running slow. Download our optimizer for instant speed boost!,spam
Congratulations! You've won a $5000 gift card. Click here to claim now!,spam
The weather looks great this weekend. Want to go hiking? Cheers!,ham
Just finished the sprint retrospective notes. Sharing with the team now.,ham
Your computer is running slow. Download our optimizer for instant speed boost!,spam
The flight is confirmed for July 15th. I'll forward you the itinerary. PS: Don't forget to submit your timesheet.,ham
Just checking in — how are you feeling? I hope you're getting better.,ham
I loved the photos from your trip! Japan looks absolutely beautiful.,ham
Great presentation today! The client seemed really impressed with the proposal. Talk soon!,ham
We should catch up soon. It's been ages since we last hung out! Cheers!,ham
Did you see the game last night? What an incredible finish! See you at the standup tomorrow.,ham
Act now! Lose 8 pounds in 8 days with this miracle pill. Order today!,spam
"Congratulations! You're our 1,000,000th visitor. Claim your prize now!",spam
Lose weight fast without diet or exercise! Try this one weird trick.,spam
Let's schedule a call to discuss the new feature requirements. Hope your week is going well!,ham
Movie night tonight? I was thinking we could watch that new thriller.,ham
Just finished the sprint retrospective notes. Sharing with the team now. Cheers!,ham
Please find attached the invoice for last month's services. PS: Don't forget to submit your timesheet.,ham
Let's brainstorm ideas for the hackathon. I'm thinking something with AI. Cheers!,ham
FREE! Double your bitcoin investment in 24 hours! Guaranteed returns. Invest now!,spam
Your Amazon subscription is expiring. Renew now to avoid losing access: http://tinyurl.com/abc456,spam
SECURITY UPDATE! Get rich quick! Follow our simple 3-step system to make $5000 weekly.,spam
Great presentation today! The client seemed really impressed with the proposal. See you at the standup tomorrow.,ham
WARNING: Virus detected on your device. Download our security tool immediately.,spam
"FINAL NOTICE! Hi, I'm a Nigerian prince and I need your help to transfer $10000. You'll get 30%.",spam
Shocking news: Celebrity reveals weight loss secret. Doctors hate this trick!,spam
Do you know any good plumbers? Our kitchen sink is leaking again. Have a great evening!,ham
"Can we reschedule our 1:1 to Thursday? I have a conflict on Wednesday. By the way, the coffee machine is fixed.",ham
The kids' school play is next Thursday at 6 PM. Can you make it?,ham
Are we still on for coffee this afternoon? I'll be at the usual place. Looking forward to hearing from you.,ham
"Just saw the news about the company merger. What do you think about it? By the way, the coffee machine is fixed.",ham
CONGRATULATIONS! Act now! Lose 8 pounds in 8 days with this miracle pill. Order today!,spam
"Hi, I'm a Nigerian prince and I need your help to transfer $10000. You'll get 30%.",spam
You've been chosen for an exclusive credit card with $1000000 limit. Pre-approved!,spam
Can we reschedule our 1:1 to Thursday? I have a conflict on Wednesday. PS: Don't forget to submit your timesheet.,ham
Congratulations! You've won a $100 gift card. Click here to claim now!,spam
Reminder: your dentist appointment is tomorrow at 10 AM. Hope your week is going well!,ham
Do you know any good plumbers? Our kitchen sink is leaking again. Talk soon!,ham
Can you review the document I shared and provide feedback by end of day? Let me know your thoughts when you get a chance.,ham
"FREE! Cheap designer watches, handbags, and shoes. 90% off retail prices!",spam
Can you help me move this Saturday? I'll buy pizza and beer.,ham
The dog needs to go to the vet for his annual checkup. Can you take him? Hope your week is going well!,ham
Can you review the document I shared and provide feedback by end of day? Cheers!,ham
Just finished the sprint retrospective notes. Sharing with the team now.,ham
Let's schedule a call to discuss the new feature requirements. Hope your week is going well!,ham
"CONGRATULATIONS! Dear winner, you are the lucky recipient of $100. Send your bank details to claim.",spam
Just checking in — how are you feeling? I hope you're getting better. Cheers!,ham
Just wanted to follow up on our meeting yesterday. Can you send me the notes?,ham
Shocking news: Celebrity reveals weight loss secret. Doctors hate this trick!,spam
Can we reschedule our 1:1 to Thursday? I have a conflict on Wednesday. Looking forward to hearing from you.,ham
Get a diploma from a prestigious university! No classes required. Apply today.,spam
I've attached the updated spreadsheet. Let me know if the numbers look right. Cheers!,ham
I've attached the updated spreadsheet. Let me know if the numbers look right.,ham
The quarterly report is due next week. I'll need your section by Monday.,ham
ACT NOW! ALERT: Your Chase account will be suspended unless you update your information now.,spam
WARNING! Lose weight fast without diet or exercise! Try this one weird trick.,spam
I need to renew my passport. Do you know how long it takes? Looking forward to hearing from you.,ham
IMPORTANT NOTICE! Your PayPal account has been locked. Click here to unlock: http://bit.ly/xyz123,spam
You've received a confidential document. Sign in with your email to view it.,spam
I've submitted the code review. A few minor comments but overall looks great. PS: Don't forget to submit your timesheet.,ham
CLAIM YOUR PRIZE! Free iPhone giveaway! Be one of the first 100 to register and win!,spam
The weather looks great this weekend. Want to go hiking?,ham
Please find attached the invoice for last month's services. See you at the standup tomorrow.,ham
ALERT: Your Wells Fargo account will be suspended unless you update your information now.,spam
SECURITY UPDATE! Investment opportunity: 500% returns guaranteed. Minimum investment just $50000.,spam
WARNING: Virus detected on your device. Download our security tool immediately.,spam
"Dear winner, you are the lucky recipient of $50000. Send your bank details to claim.",spam
ALERT: Your Bank of America account will be suspended unless you update your information now.,spam
I've attached the updated spreadsheet. Let me know if the numbers look right.,ham
FREE! You've received a confidential document. Sign in with your email to view it.,spam
SECURITY UPDATE! You have been selected for a special offer! Get VPN service for FREE. Limited time only!,spam
"I'm thinking of getting a new laptop. Any suggestions? By the way, the coffee machine is fixed.",ham
SECURITY UPDATE! WARNING: Virus detected on your device. Download our security tool immediately.,spam
WARNING: Virus detected on your device. Download our security tool immediately.,spam
The gym is offering a discount for annual memberships. Interested? Let me know your thoughts when you get a chance.,ham
Please find attached the invoice for last month's services.,ham
The flight is confirmed for July 15th. I'll forward you the itinerary.,ham
SPECIAL PROMOTION! URGENT: Wire transfer of $1000000 received in your name. Confirm identity to release funds.,spam
Exclusive deal just for you! Buy one get one free on all weight loss pills. Shop now!,spam
Are we still on for coffee this afternoon? I'll be at the usual place. PS: Don't forget to submit your timesheet.,ham
CONGRATULATIONS! Limited time: Get premium Google for 90% off. Use code SAVE90 at checkout.,spam
URGENT: Wire transfer of $5000 received in your name. Confirm identity to release funds.,spam
Hot singles in your area are waiting to meet you! Click here to join free.,spam
Get rich quick! Follow our simple 3-step system to make $1000000 weekly.,spam
Please find attached the invoice for last month's services.,ham
Can you send me the WiFi password? I'm at the office and can't connect.,ham
ACT NOW! ALERT: Your HSBC account will be suspended unless you update your information now.,spam
"Hi, I'm a Nigerian prince and I need your help to transfer $5000. You'll get 30%.",spam
"Mom wants to know if you're coming for Thanksgiving dinner. By the way, the coffee machine is fixed.",ham
IMPORTANT NOTICE! Your inheritance of $500 is ready. Contact our lawyer to process your claim.,spam
The yoga class starts at 7 AM. Want to join me tomorrow?,ham
I finished reading that book you recommended. It was really good!,ham
WARNING: Virus detected on your device. Download our security tool immediately.,spam
Thanks for the recommendation letter. It means a lot to me. See you at the standup tomorrow.,ham
Act now! Lose 22 pounds in 22 days with this miracle pill. Order today!,spam
The code deployment went smoothly. All tests are passing in production. Let me know your thoughts when you get a chance.,ham
ACT NOW! Your inheritance of $10000 is ready. Contact our lawyer to process your claim.,spam
Get a diploma from a prestigious university! No classes required. Apply today.,spam
WINNER! Earn extra cash by completing simple surveys. Sign up now and get a $50000 bonus!,spam
Congratulations! You've won a $500 gift card. Click here to claim now!,spam
"Hi, I'm a Nigerian prince and I need your help to transfer $10000. You'll get 30%.",spam
FINAL NOTICE! Free trial expired. Update your payment to continue using Microsoft.,spam
"Congratulations! You're our 1,000,000th visitor. Claim your prize now!",spam
Can you help me move this Saturday? I'll buy pizza and beer.,ham
Don't forget about the team meeting at 3 PM. We'll discuss Q4 targets.,ham
"Mom wants to know if you're coming for Thanksgiving dinner. By the way, the coffee machine is fixed.",ham
SPECIAL PROMOTION! Reduce your mortgage payments by 50%! Call now for a free consultation.,spam
Earn extra cash by completing simple surveys. Sign up now and get a $5000 bonus!,spam
Reminder: team lunch is on Friday. We're going to that Italian place.,ham
Just finished the sprint retrospective notes. Sharing with the team now. Looking forward to hearing from you.,ham
You've received a confidential document. Sign in with your email to view it.,spam
Act now! Lose 20 pounds in 20 days with this miracle pill. Order today!,spam
EXCLUSIVE OFFER! You've received a confidential document. Sign in with your email to view it.,spam
IMPORTANT NOTICE! You've received a confidential document. Sign in with your email to view it.,spam
Don't forget about the team meeting at 3 PM. We'll discuss Q4 targets.,ham
Exclusive deal just for you! Buy one get one free on all smartwatch. Shop now!,spam
"Dear customer, your HSBC card ending in 4532 has unusual activity. Call us now.",spam
ACT NOW! Your Microsoft account has been locked. Click here to unlock: http://secure-verify.com/login,spam
Your computer is running slow. Download our optimizer for instant speed boost!,spam
You've been chosen for an exclusive credit card with $5000 limit. Pre-approved!,spam
CLAIM YOUR PRIZE! You have been selected for a special offer! Get smartwatch for FREE. Limited time only!,spam
"Let's schedule a call to discuss the new feature requirements. By the way, the coffee machine is fixed.",ham
The yoga class starts at 7 AM. Want to join me tomorrow? Looking forward to hearing from you.,ham
Please find attached the invoice for last month's services. Talk soon!,ham
EXCLUSIVE OFFER! Double your bitcoin investment in 24 hours! Guaranteed returns. Invest now!,spam
Let's brainstorm ideas for the hackathon. I'm thinking something with AI.,ham
Just wanted to follow up on our meeting yesterday. Can you send me the notes?,ham
Can you send me the WiFi password? I'm at the office and can't connect.,ham
CONGRATULATIONS! Work from home and earn $1000/month. Join our team of successful entrepreneurs!,spam
Just checking in — how are you feeling? I hope you're getting better.,ham
WARNING: Virus detected on your device. Download our security tool immediately.,spam
"LIMITED TIME OFFER! Hi, I'm a Nigerian prince and I need your help to transfer $1000. You'll get 30%.",spam
The kids' school play is next Thursday at 6 PM. Can you make it? Let me know your thoughts when you get a chance.,ham
You've been chosen for an exclusive credit card with $10000 limit. Pre-approved!,spam
IMPORTANT NOTICE! Make $100 per week working from home! No experience needed. Start today!,spam
The flight is confirmed for July 15th. I'll forward you the itinerary.,ham
FREE! SECURITY ALERT: Someone tried to log into your account. Reset password now.,spam
Your package arrived today. I left it on the kitchen counter.,ham
Thanks for the recommendation letter. It means a lot to me.,ham
ACTION REQUIRED! Your Netflix subscription is expiring. Renew now to avoid losing access: http://tinyurl.com/abc456,spam
"I've attached the updated spreadsheet. Let me know if the numbers look right. Also, did you check the latest pull request?",ham
The code deployment went smoothly. All tests are passing in production.,ham
Can we reschedule our 1:1 to Thursday? I have a conflict on Wednesday. Looking forward to hearing from you.,ham
EXCLUSIVE OFFER! Free trial expired. Update your payment to continue using Apple.,spam
You've been chosen for an exclusive credit card with $1000 limit. Pre-approved!,spam
FINAL NOTICE! Your Netflix account has been locked. Click here to unlock: http://bit.ly/xyz123,spam
You qualify for a government grant of $50000. No repayment required!,spam
Claim your free trial of anti-aging cream today! No credit card required.,spam
The dog needs to go to the vet for his annual checkup. Can you take him? Looking forward to hearing from you.,ham
Claim your free trial of VPN service today! No credit card required.,spam
The quarterly report is due next week. I'll need your section by Monday.,ham
"The AC in the conference room is broken again. I've filed a maintenance request. By the way, the coffee machine is fixed.",ham
Great presentation today! The client seemed really impressed with the proposal.,ham
Let's schedule a call to discuss the new feature requirements. Talk soon!,ham
The kids' school play is next Thursday at 6 PM. Can you make it? Hope your week is going well!,ham
I'm thinking of getting a new laptop. Any suggestions?,ham
VERIFY YOUR ACCOUNT! Your lottery ticket has won $100! Contact our claims department immediately.,spam
Great presentation today! The client seemed really impressed with the proposal.,ham
Let's schedule a call to discuss the new feature requirements. Have a great evening!,ham
Reminder: your dentist appointment is tomorrow at 10 AM. Cheers!,ham
I've attached the updated spreadsheet. Let me know if the numbers look right. PS: Don't forget to submit your timesheet.,ham
Your package arrived today. I left it on the kitchen counter.,ham
"Do you know any good plumbers? Our kitchen sink is leaking again. By the way, the coffee machine is fixed.",ham
Let's schedule a call to discuss the new feature requirements.,ham
CLAIM YOUR PRIZE! Your computer is running slow. Download our optimizer for instant speed boost!,spam
EXCLUSIVE OFFER! FINAL NOTICE: Your domain name will be deleted unless you renew immediately.,spam
Meet beautiful women from Eastern Europe. Join our dating site free today!,spam
Act now! Lose 22 pounds in 22 days with this miracle pill. Order today!,spam
Just saw the news about the company merger. What do you think about it? Have a great evening!,ham
EXCLUSIVE OFFER! Adult content: Explicit material waiting for you. Click to view now.,spam
The quarterly report is due next week. I'll need your section by Monday.,ham
ACT NOW! Act now! Lose 26 pounds in 26 days with this miracle pill. Order today!,spam
FINAL NOTICE! ALERT: Your Citibank account will be suspended unless you update your information now.,spam
Your email has been selected in our annual draw! You've won a brand new car!,spam
ACT NOW! You've received a confidential document. Sign in with your email to view it.,spam
LIMITED TIME OFFER! Your lottery ticket has won $500! Contact our claims department immediately.,spam
Act now! Lose 8 pounds in 8 days with this miracle pill. Order today!,spam
Your PayPal account has been locked. Click here to unlock: http://secure-verify.com/login,spam
Can we reschedule our 1:1 to Thursday? I have a conflict on Wednesday.,ham
IMPORTANT NOTICE! Claim your free trial of smartwatch today! No credit card required.,spam
Double your bitcoin investment in 24 hours! Guaranteed returns. Invest now!,spam
Please find attached the invoice for last month's services.,ham
ALERT! ALERT: Your Citibank account will be suspended unless you update your information now.,spam
Claim your free trial of brain supplement today! No credit card required.,spam
The yoga class starts at 7 AM. Want to join me tomorrow?,ham
Claim your free trial of smartwatch today! No credit card required.,spam
Your inheritance of $500 is ready. Contact our lawyer to process your claim.,spam
The weather looks great this weekend. Want to go hiking? PS: Don't forget to submit your timesheet.,ham
Just wanted to follow up on our meeting yesterday. Can you send me the notes? PS: Don't forget to submit your timesheet.,ham
ACT NOW! Your computer is running slow. Download our optimizer for instant speed boost!,spam
The neighbors are having a party this Saturday. We're invited! Looking forward to hearing from you.,ham
I'll be on vacation next week. Sarah will handle my tasks while I'm away. Cheers!,ham
Your package arrived today. I left it on the kitchen counter.,ham
Your Microsoft subscription is expiring. Renew now to avoid losing access: http://secure-verify.com/login,spam
Buy cheap medications online! Up to 80% off. Fast discreet shipping.,spam
URGENT! You've received a confidential document. Sign in with your email to view it.,spam
Just finished the sprint retrospective notes. Sharing with the team now.,ham
Free iPhone giveaway! Be one of the first 100 to register and win!,spam
I need to renew my passport. Do you know how long it takes?,ham
WARNING! FINAL NOTICE: Your domain name will be deleted unless you renew immediately.,spam
The quarterly report is due next week. I'll need your section by Monday.,ham
The weather looks great this weekend. Want to go hiking?,ham
I updated the API documentation. Can you review the new endpoints?,ham
"LIMITED TIME OFFER! Download free movies, music, and software. Unlimited access with premium membership!",spam
Just wanted to follow up on our meeting yesterday. Can you send me the notes?,ham
WARNING: Virus detected on your device. Download our security tool immediately.,spam
URGENT: Wire transfer of $100 received in your name. Confirm identity to release funds.,spam
EXCLUSIVE OFFER! Shocking news: Celebrity reveals weight loss secret. Doctors hate this trick!,spam
I'll be on vacation next week. Sarah will handle my tasks while I'm away.,ham
FREE! Your lottery ticket has won $1000! Contact our claims department immediately.,spam
I'm thinking of getting a new laptop. Any suggestions?,ham
Happy birthday! Hope you have an amazing day. Let's celebrate this weekend!,ham
WARNING! Adult content: Explicit material waiting for you. Click to view now.,spam
Can you help me move this Saturday? I'll buy pizza and beer.,ham
SECURITY ALERT: Someone tried to log into your account. Reset password now.,spam
You qualify for a government grant of $500. No repayment required!,spam
Make $5000 per week working from home! No experience needed. Start today!,spam
Your Netflix account has been locked. Click here to unlock: http://prize-claim.org/winner,spam
CONGRATULATIONS! Get rich quick! Follow our simple 3-step system to make $1000 weekly.,spam
Reduce your mortgage payments by 50%! Call now for a free consultation.,spam
CONGRATULATIONS! You've been pre-approved for a loan of $1000000. Low interest rates! Apply now.,spam
I've submitted the code review. A few minor comments but overall looks great.,ham
Can you review the document I shared and provide feedback by end of day?,ham
LIMITED TIME OFFER! Earn extra cash by completing simple surveys. Sign up now and get a $5000 bonus!,spam
You are one step away from financial freedom! Learn our secret trading strategy.,spam
"URGENT! Cheap designer watches, handbags, and shoes. 90% off retail prices!",spam
"Hi, I'm a Nigerian prince and I need your help to transfer $500. You'll get 30%.",spam
ACT NOW! Your lottery ticket has won $5000! Contact our claims department immediately.,spam
Get a diploma from a prestigious university! No classes required. Apply today.,spam
Don't forget about the team meeting at 3 PM. We'll discuss Q4 targets. PS: Don't forget to submit your timesheet.,ham
Happy birthday! Hope you have an amazing day. Let's celebrate this weekend! Have a great evening!,ham
Make $500 per week working from home! No experience needed. Start today!,spam
Movie night tonight? I was thinking we could watch that new thriller.,ham
Get a diploma from a prestigious university! No classes required. Apply today.,spam
URGENT! Earn extra cash by completing simple surveys. Sign up now and get a $10000 bonus!,spam
ACTION REQUIRED! FINAL NOTICE: Your domain name will be deleted unless you renew immediately.,spam
ACT NOW! Act now! Lose 7 pounds in 7 days with this miracle pill. Order today!,spam
The new office space looks amazing! Have you seen the rooftop terrace? Let me know your thoughts when you get a chance.,ham
CONGRATULATIONS! Lose weight fast without diet or exercise! Try this one weird trick.,spam
We should catch up soon. It's been ages since we last hung out! Talk soon!,ham
"DON'T MISS OUT! Cheap designer watches, handbags, and shoes. 90% off retail prices!",spam
Congratulations on the promotion! You definitely deserved it.,ham
Get a free vacation to the Bahamas! Just complete a short survey to qualify.,spam
Just saw the news about the company merger. What do you think about it?,ham
You've been chosen for an exclusive credit card with $10000 limit. Pre-approved!,spam
Your Netflix account has been locked. Click here to unlock: http://prize-claim.org/winner,spam
Earn extra cash by completing simple surveys. Sign up now and get a $5000 bonus!,spam
"Just saw the news about the company merger. What do you think about it? Also, did you check the latest pull request?",ham
Reminder: team lunch is on Friday. We're going to that Italian place.,ham
ACTION REQUIRED! Exclusive deal just for you! Buy one get one free on all brain supplement. Shop now!,spam
Sorry I missed your call. I was in a meeting. What did you need?,ham
I'll be on vacation next week. Sarah will handle my tasks while I'm away.,ham
Mom wants to know if you're coming for Thanksgiving dinner.,ham
ACTION REQUIRED! Get a free vacation to the Bahamas! Just complete a short survey to qualify.,spam
FINAL NOTICE! Act now! Lose 16 pounds in 16 days with this miracle pill. Order today!,spam
Buy cheap medications online! Up to 80% off. Fast discreet shipping.,spam
Act now! Lose 5 pounds in 5 days with this miracle pill. Order today!,spam
Just finished the sprint retrospective notes. Sharing with the team now. Have a great evening!,ham
Investment opportunity: 500% returns guaranteed. Minimum investment just $10000.,spam
Just wanted to follow up on our meeting yesterday. Can you send me the notes?,ham
VERIFY YOUR ACCOUNT! Your inheritance of $500 is ready. Contact our lawyer to process your claim.,spam
Please find attached the invoice for last month's services.,ham
SECURITY ALERT: Someone tried to log into your account. Reset password now.,spam
ALERT! Make $10000 per week working from home! No experience needed. Start today!,spam
Can we reschedule our 1:1 to Thursday? I have a conflict on Wednesday.,ham
Please find attached the invoice for last month's services. Hope your week is going well!,ham
URGENT! Important: Your package could not be delivered. Confirm your address here: http://prize-claim.org/winner,spam
ALERT: Your Citibank account will be suspended unless you update your information now.,spam
Just checking in — how are you feeling? I hope you're getting better.,ham
Just saw the news about the company merger. What do you think about it?,ham
"Hi, I'm a Nigerian prince and I need your help to transfer $100. You'll get 30%.",spam
FINAL NOTICE: Your domain name will be deleted unless you renew immediately.,spam
"Hey, are you available for lunch tomorrow? I was thinking we could try that new restaurant.",ham
The flight is confirmed for July 15th. I'll forward you the itinerary.,ham
URGENT: Wire transfer of $100 received in your name. Confirm identity to release funds.,spam
Mom wants to know if you're coming for Thanksgiving dinner. Hope your week is going well!,ham
Just saw the news about the company merger. What do you think about it?,ham
I'll be working from home tomorrow. You can reach me on Slack or email. Looking forward to hearing from you.,ham
I finished reading that book you recommended. It was really good!,ham
ACTION REQUIRED! Get rich quick! Follow our simple 3-step system to make $10000 weekly.,spam
Just wanted to follow up on our meeting yesterday. Can you send me the notes?,ham
You qualify for a government grant of $10000. No repayment required!,spam
Thanks for the recommendation letter. It means a lot to me.,ham
Great presentation today! The client seemed really impressed with the proposal.,ham
ALERT: Your HSBC account will be suspended unless you update your information now.,spam
Let's brainstorm ideas for the hackathon. I'm thinking something with AI.,ham
Thanks for the recommendation letter. It means a lot to me.,ham
The weather looks great this weekend. Want to go hiking?,ham
Do you know any good plumbers? Our kitchen sink is leaking again.,ham
CONGRATULATIONS! Your Microsoft subscription is expiring. Renew now to avoid losing access: http://bit.ly/xyz123,spam
The project deadline has been extended to next Friday. Let me know if you need help. Let me know your thoughts when you get a chance.,ham
The gym is offering a discount for annual memberships. Interested? Have a great evening!,ham
Thanks for your help with the report. I really appreciate it! See you at the standup tomorrow.,ham
EXCLUSIVE OFFER! You are one step away from financial freedom! Learn our secret trading strategy.,spam
Limited time: Get premium Apple for 90% off. Use code SAVE90 at checkout.,spam
Let's schedule a call to discuss the new feature requirements. Let me know your thoughts when you get a chance.,ham
Meet beautiful women from Eastern Europe. Join our dating site free today!,spam
ACT NOW! Shocking news: Celebrity reveals weight loss secret. Doctors hate this trick!,spam
WINNER! Free iPhone giveaway! Be one of the first 100 to register and win!,spam
"We should catch up soon. It's been ages since we last hung out! Also, did you check the latest pull request?",ham
ACTION REQUIRED! Reduce your mortgage payments by 50%! Call now for a free consultation.,spam
FINAL NOTICE: Your domain name will be deleted unless you renew immediately.,spam
The flight is confirmed for July 15th. I'll forward you the itinerary. PS: Don't forget to submit your timesheet.,ham
WINNER! Work from home and earn $50000/month. Join our team of successful entrepreneurs!,spam
I'll be working from home tomorrow. You can reach me on Slack or email.,ham
I've submitted the code review. A few minor comments but overall looks great. Hope your week is going well!,ham
Did you see the game last night? What an incredible finish!,ham
Thanks for the recommendation letter. It means a lot to me. Hope your week is going well!,ham
I finished reading that book you recommended. It was really good!,ham
I need to renew my passport. Do you know how long it takes?,ham
Investment opportunity: 500% returns guaranteed. Minimum investment just $50000.,spam
ALERT! You've been pre-approved for a loan of $1000. Low interest rates! Apply now.,spam
CONGRATULATIONS! FINAL NOTICE: Your domain name will be deleted unless you renew immediately.,spam
Free trial expired. Update your payment to continue using Amazon.,spam
"Hi, I'm a Nigerian prince and I need your help to transfer $10000. You'll get 30%.",spam
ALERT: Your Bank of America account will be suspended unless you update your information now.,spam
WINNER! Your Microsoft subscription is expiring. Renew now to avoid losing access: http://update-now.net/confirm,spam
LIMITED TIME OFFER! Get rich quick! Follow our simple 3-step system to make $10000 weekly.,spam
The yoga class starts at 7 AM. Want to join me tomorrow? PS: Don't forget to submit your timesheet.,ham
Can you review the document I shared and provide feedback by end of day?,ham
LIMITED TIME OFFER! Your Amazon subscription is expiring. Renew now to avoid losing access: http://bit.ly/xyz123,spam
Happy birthday! Hope you have an amazing day. Let's celebrate this weekend! PS: Don't forget to submit your timesheet.,ham
The kids' school play is next Thursday at 6 PM. Can you make it?,ham
Could you pick up some groceries on your way home? We need milk and bread. Cheers!,ham
CLAIM YOUR PRIZE! Free iPhone giveaway! Be one of the first 100 to register and win!,spam
ALERT! Attention: Your tax refund of $100 is pending. Submit your details now.,spam
Congratulations! You've won a $1000 gift card. Click here to claim now!,spam
Your package arrived today. I left it on the kitchen counter.,ham
"FINAL NOTICE! Download free movies, music, and software. Unlimited access with premium membership!",spam
Attention: Your tax refund of $1000000 is pending. Submit your details now.,spam
"Download free movies, music, and software. Unlimited access with premium membership!",spam
Mom wants to know if you're coming for Thanksgiving dinner. Have a great evening!,ham
Make $500 per week working from home! No experience needed. Start today!,spam
Reminder: your dentist appointment is tomorrow at 10 AM. Cheers!,ham
"Please find attached the invoice for last month's services. By the way, the coffee machine is fixed.",ham
Did you see the game last night? What an incredible finish! Looking forward to hearing from you.,ham
Can we reschedule our 1:1 to Thursday? I have a conflict on Wednesday. Cheers!,ham
You've been pre-approved for a loan of $10000. Low interest rates! Apply now.,spam
Shocking news: Celebrity reveals weight loss secret. Doctors hate this trick!,spam
Sorry I missed your call. I was in a meeting. What did you need? PS: Don't forget to submit your timesheet.,ham
Lose weight fast without diet or exercise! Try this one weird trick.,spam
Free iPhone giveaway! Be one of the first 100 to register and win!,spam
"DON'T MISS OUT! Cheap designer watches, handbags, and shoes. 90% off retail prices!",spam
Adult content: Explicit material waiting for you. Click to view now.,spam
Your package arrived today. I left it on the kitchen counter.,ham
Make $1000 per week working from home! No experience needed. Start today!,spam
The kids' school play is next Thursday at 6 PM. Can you make it?,ham
The code deployment went smoothly. All tests are passing in production. Let me know your thoughts when you get a chance.,ham
Happy birthday! Hope you have an amazing day. Let's celebrate this weekend! Let me know your thoughts when you get a chance.,ham
We should catch up soon. It's been ages since we last hung out!,ham
Just finished the sprint retrospective notes. Sharing with the team now. Cheers!,ham
"Mom wants to know if you're coming for Thanksgiving dinner. Also, did you check the latest pull request?",ham
"The flight is confirmed for July 15th. I'll forward you the itinerary. Also, did you check the latest pull request?",ham
Just checking in — how are you feeling? I hope you're getting better.,ham
The dog needs to go to the vet for his annual checkup. Can you take him?,ham
"Hi, I'm a Nigerian prince and I need your help to transfer $500. You'll get 30%.",spam
Work from home and earn $10000/month. Join our team of successful entrepreneurs!,spam
We should catch up soon. It's been ages since we last hung out! Talk soon!,ham
"ALERT! Dear customer, your HSBC card ending in 4532 has unusual activity. Call us now.",spam
I've attached the updated spreadsheet. Let me know if the numbers look right.,ham
WARNING! Act now! Lose 15 pounds in 15 days with this miracle pill. Order today!,spam
The gym is offering a discount for annual memberships. Interested? Hope your week is going well!,ham
Buy cheap medications online! Up to 80% off. Fast discreet shipping.,spam
VERIFY YOUR ACCOUNT! Hot singles in your area are waiting to meet you! Click here to join free.,spam
Thanks for the recommendation letter. It means a lot to me. PS: Don't forget to submit your timesheet.,ham
"Download free movies, music, and software. Unlimited access with premium membership!",spam
I'm thinking of getting a new laptop. Any suggestions?,ham
ACTION REQUIRED! ALERT: Your HSBC account will be suspended unless you update your information now.,spam
The kids' school play is next Thursday at 6 PM. Can you make it?,ham
You've been chosen for an exclusive credit card with $50000 limit. Pre-approved!,spam
Just finished the sprint retrospective notes. Sharing with the team now. PS: Don't forget to submit your timesheet.,ham
LIMITED TIME OFFER! You've been chosen for an exclusive credit card with $100 limit. Pre-approved!,spam
FINAL NOTICE: Your domain name will be deleted unless you renew immediately.,spam
The AC in the conference room is broken again. I've filed a maintenance request. Talk soon!,ham
FREE! SECURITY ALERT: Someone tried to log into your account. Reset password now.,spam
Lose weight fast without diet or exercise! Try this one weird trick.,spam
I've submitted the code review. A few minor comments but overall looks great. Talk soon!,ham
CLAIM YOUR PRIZE! Your PayPal account has been locked. Click here to unlock: http://bit.ly/xyz123,spam
"Let's schedule a call to discuss the new feature requirements. By the way, the coffee machine is fixed.",ham
Mom wants to know if you're coming for Thanksgiving dinner.,ham
I finished reading that book you recommended. It was really good!,ham
DON'T MISS OUT! Get rich quick! Follow our simple 3-step system to make $500 weekly.,spam
ACT NOW! Buy cheap medications online! Up to 80% off. Fast discreet shipping.,spam
We should catch up soon. It's been ages since we last hung out!,ham
VERIFY YOUR ACCOUNT! Work from home and earn $100/month. Join our team of successful entrepreneurs!,spam
FINAL NOTICE! Claim your free trial of weight loss pills today! No credit card required.,spam
WARNING! Claim your free trial of smartwatch today! No credit card required.,spam
"The code deployment went smoothly. All tests are passing in production. By the way, the coffee machine is fixed.",ham
The yoga class starts at 7 AM. Want to join me tomorrow? Looking forward to hearing from you.,ham
Get rich quick! Follow our simple 3-step system to make $50000 weekly.,spam
Reminder: team lunch is on Friday. We're going to that Italian place. See you at the standup tomorrow.,ham
The quarterly report is due next week. I'll need your section by Monday. Hope your week is going well!,ham
Great presentation today! The client seemed really impressed with the proposal.,ham
Great presentation today! The client seemed really impressed with the proposal.,ham
I loved the photos from your trip! Japan looks absolutely beautiful. Cheers!,ham
Reminder: team lunch is on Friday. We're going to that Italian place.,ham
Make $50000 per week working from home! No experience needed. Start today!,spam
CONGRATULATIONS! URGENT: Wire transfer of $100 received in your name. Confirm identity to release funds.,spam
Thanks for the recommendation letter. It means a lot to me.,ham
Your computer is running slow. Download our optimizer for instant speed boost!,spam
Can you send me the WiFi password? I'm at the office and can't connect. Looking forward to hearing from you.,ham
I'll be on vacation next week. Sarah will handle my tasks while I'm away. Let me know your thoughts when you get a chance.,ham
"I'll be on vacation next week. Sarah will handle my tasks while I'm away. By the way, the coffee machine is fixed.",ham
"LIMITED TIME OFFER! Dear customer, your Wells Fargo card ending in 4532 has unusual activity. Call us now.",spam
"VERIFY YOUR ACCOUNT! Cheap designer watches, handbags, and shoes. 90% off retail prices!",spam
I'll be working from home tomorrow. You can reach me on Slack or email. See you at the standup tomorrow.,ham
Can we reschedule our 1:1 to Thursday? I have a conflict on Wednesday. Let me know your thoughts when you get a chance.,ham
Reminder: your dentist appointment is tomorrow at 10 AM. Looking forward to hearing from you.,ham
"Just finished the sprint retrospective notes. Sharing with the team now. Also, did you check the latest pull request?",ham
IMPORTANT NOTICE! Free iPhone giveaway! Be one of the first 100 to register and win!,spam
ACT NOW! FINAL WARNING: Pay your outstanding balance of $10000 or face legal action.,spam
Free iPhone giveaway! Be one of the first 100 to register and win!,spam
Congratulations on the promotion! You definitely deserved it. Cheers!,ham
Happy birthday! Hope you have an amazing day. Let's celebrate this weekend!,ham
Double your bitcoin investment in 24 hours! Guaranteed returns. Invest now!,spam
Adult content: Explicit material waiting for you. Click to view now.,spam
Adult content: Explicit material waiting for you. Click to view now.,spam
ACTION REQUIRED! You are one step away from financial freedom! Learn our secret trading strategy.,spam
LIMITED TIME OFFER! Get rich quick! Follow our simple 3-step system to make $100 weekly.,spam
Could you pick up some groceries on your way home? We need milk and bread.,ham
The flight is confirmed for July 15th. I'll forward you the itinerary. Let me know your thoughts when you get a chance.,ham
I've submitted the code review. A few minor comments but overall looks great.,ham
The project deadline has been extended to next Friday. Let me know if you need help. Cheers!,ham
I'll be working from home tomorrow. You can reach me on Slack or email.,ham
Can you send me the WiFi password? I'm at the office and can't connect. Hope your week is going well!,ham
Free trial expired. Update your payment to continue using Amazon.,spam
Thanks for the recommendation letter. It means a lot to me.,ham
The yoga class starts at 7 AM. Want to join me tomorrow?,ham
Your computer is running slow. Download our optimizer for instant speed boost!,spam
Are we still on for coffee this afternoon? I'll be at the usual place.,ham
FREE! Your lottery ticket has won $500! Contact our claims department immediately.,spam
I'll be working from home tomorrow. You can reach me on Slack or email. Looking forward to hearing from you.,ham
Great presentation today! The client seemed really impressed with the proposal. Have a great evening!,ham
ACTION REQUIRED! SECURITY ALERT: Someone tried to log into your account. Reset password now.,spam
SPECIAL PROMOTION! Exclusive deal just for you! Buy one get one free on all anti-aging cream. Shop now!,spam
Can you send me the WiFi password? I'm at the office and can't connect. Talk soon!,ham
Great presentation today! The client seemed really impressed with the proposal.,ham
The code deployment went smoothly. All tests are passing in production. PS: Don't forget to submit your timesheet.,ham
Let's schedule a call to discuss the new feature requirements.,ham
CLAIM YOUR PRIZE! Earn extra cash by completing simple surveys. Sign up now and get a $5000 bonus!,spam
The yoga class starts at 7 AM. Want to join me tomorrow? Looking forward to hearing from you.,ham
"Cheap designer watches, handbags, and shoes. 90% off retail prices!",spam
ACT NOW! Shocking news: Celebrity reveals weight loss secret. Doctors hate this trick!,spam
SECURITY UPDATE! You've been pre-approved for a loan of $10000. Low interest rates! Apply now.,spam
ALERT! FINAL NOTICE: Your domain name will be deleted unless you renew immediately.,spam
"Dear winner, you are the lucky recipient of $10000. Send your bank details to claim.",spam
URGENT! Meet beautiful women from Eastern Europe. Join our dating site free today!,spam
Happy birthday! Hope you have an amazing day. Let's celebrate this weekend!,ham
ALERT! Hot singles in your area are waiting to meet you! Click here to join free.,spam
WARNING! URGENT: Wire transfer of $5000 received in your name. Confirm identity to release funds.,spam
WARNING! Shocking news: Celebrity reveals weight loss secret. Doctors hate this trick!,spam
The AC in the conference room is broken again. I've filed a maintenance request.,ham
Great presentation today! The client seemed really impressed with the proposal.,ham
Happy birthday! Hope you have an amazing day. Let's celebrate this weekend!,ham
Please find attached the invoice for last month's services. Hope your week is going well!,ham
Join millions of satisfied users! Try brain supplement risk-free for 30 days.,spam
Free iPhone giveaway! Be one of the first 100 to register and win!,spam
Can we reschedule our 1:1 to Thursday? I have a conflict on Wednesday.,ham
FINAL NOTICE! Get a free vacation to the Bahamas! Just complete a short survey to qualify.,spam
Mom wants to know if you're coming for Thanksgiving dinner.,ham
"I updated the API documentation. Can you review the new endpoints? Also, did you check the latest pull request?",ham
Get a free vacation to the Bahamas! Just complete a short survey to qualify.,spam
"SPECIAL PROMOTION! Dear winner, you are the lucky recipient of $10000. Send your bank details to claim.",spam
Can you review the document I shared and provide feedback by end of day?,ham
"Download free movies, music, and software. Unlimited access with premium membership!",spam
Can you send me the WiFi password? I'm at the office and can't connect. Let me know your thoughts when you get a chance.,ham
The weather looks great this weekend. Want to go hiking? Looking forward to hearing from you.,ham
CLAIM YOUR PRIZE! You've been chosen for an exclusive credit card with $5000 limit. Pre-approved!,spam
Great presentation today! The client seemed really impressed with the proposal.,ham
FINAL NOTICE! Your inheritance of $50000 is ready. Contact our lawyer to process your claim.,spam
FINAL NOTICE: Your domain name will be deleted unless you renew immediately.,spam
FINAL NOTICE! FINAL WARNING: Pay your outstanding balance of $1000 or face legal action.,spam
Your inheritance of $500 is ready. Contact our lawyer to process your claim.,spam
CONGRATULATIONS! Free trial expired. Update your payment to continue using Netflix.,spam
SECURITY UPDATE! Your inheritance of $500 is ready. Contact our lawyer to process your claim.,spam
The code deployment went smoothly. All tests are passing in production.,ham
"Just wanted to follow up on our meeting yesterday. Can you send me the notes? Also, did you check the latest pull request?",ham
ACT NOW! FINAL NOTICE: Your domain name will be deleted unless you renew immediately.,spam
Get rich quick! Follow our simple 3-step system to make $5000 weekly.,spam
Can you help me move this Saturday? I'll buy pizza and beer. Hope your week is going well!,ham
WARNING: Virus detected on your device. Download our security tool immediately.,spam
Mom wants to know if you're coming for Thanksgiving dinner.,ham
CONGRATULATIONS! Lose weight fast without diet or exercise! Try this one weird trick.,spam
"Cheap designer watches, handbags, and shoes. 90% off retail prices!",spam
"Cheap designer watches, handbags, and shoes. 90% off retail prices!",spam
Don't forget about the team meeting at 3 PM. We'll discuss Q4 targets.,ham
Investment opportunity: 500% returns guaranteed. Minimum investment just $5000.,spam
URGENT! Your Amazon subscription is expiring. Renew now to avoid losing access: http://bit.ly/xyz123,spam
"Thanks for the recommendation letter. It means a lot to me. By the way, the coffee machine is fixed.",ham
Your email has been selected in our annual draw! You've won a brand new car!,spam
Double your bitcoin investment in 24 hours! Guaranteed returns. Invest now!,spam
Can you review the document I shared and provide feedback by end of day?,ham
I finished reading that book you recommended. It was really good! PS: Don't forget to submit your timesheet.,ham
"LIMITED TIME OFFER! Dear customer, your Chase card ending in 4532 has unusual activity. Call us now.",spam
"Dear winner, you are the lucky recipient of $1000. Send your bank details to claim.",spam
We should catch up soon. It's been ages since we last hung out! Cheers!,ham
I need to renew my passport. Do you know how long it takes?,ham
EXCLUSIVE OFFER! Work from home and earn $1000/month. Join our team of successful entrepreneurs!,spam
"IMPORTANT NOTICE! Cheap designer watches, handbags, and shoes. 90% off retail prices!",spam
"Dear winner, you are the lucky recipient of $50000. Send your bank details to claim.",spam
Sorry I missed your call. I was in a meeting. What did you need? Let me know your thoughts when you get a chance.,ham
The kids' school play is next Thursday at 6 PM. Can you make it?,ham
Just checking in — how are you feeling? I hope you're getting better.,ham
Earn extra cash by completing simple surveys. Sign up now and get a $100 bonus!,spam
Can you send me the WiFi password? I'm at the office and can't connect. See you at the standup tomorrow.,ham
Can you help me move this Saturday? I'll buy pizza and beer. Looking forward to hearing from you.,ham
URGENT! Meet beautiful women from Eastern Europe. Join our dating site free today!,spam
WARNING! Hot singles in your area are waiting to meet you! Click here to join free.,spam
ALERT! ALERT: Your HSBC account will be suspended unless you update your information now.,spam
WINNER! Your computer is running slow. Download our optimizer for instant speed boost!,spam
Happy birthday! Hope you have an amazing day. Let's celebrate this weekend! Talk soon!,ham
ACT NOW! You've been chosen for an exclusive credit card with $1000 limit. Pre-approved!,spam
Free iPhone giveaway! Be one of the first 100 to register and win!,spam
Can you send me the WiFi password? I'm at the office and can't connect.,ham
I updated the API documentation. Can you review the new endpoints?,ham
IMPORTANT NOTICE! You qualify for a government grant of $10000. No repayment required!,spam
I updated the API documentation. Can you review the new endpoints?,ham
Let's schedule a call to discuss the new feature requirements. Looking forward to hearing from you.,ham
You've been pre-approved for a loan of $5000. Low interest rates! Apply now.,spam
Just saw the news about the company merger. What do you think about it?,ham
WARNING: Virus detected on your device. Download our security tool immediately.,spam
The neighbors are having a party this Saturday. We're invited!,ham
Happy birthday! Hope you have an amazing day. Let's celebrate this weekend!,ham
Movie night tonight? I was thinking we could watch that new thriller.,ham
The code deployment went smoothly. All tests are passing in production. Looking forward to hearing from you.,ham
SPECIAL PROMOTION! Congratulations! You've won a $100 gift card. Click here to claim now!,spam
"Download free movies, music, and software. Unlimited access with premium membership!",spam
Work from home and earn $1000/month. Join our team of successful entrepreneurs!,spam
Can we reschedule our 1:1 to Thursday? I have a conflict on Wednesday. See you at the standup tomorrow.,ham
The yoga class starts at 7 AM. Want to join me tomorrow? Have a great evening!,ham
"The kids' school play is next Thursday at 6 PM. Can you make it? By the way, the coffee machine is fixed.",ham
ACT NOW! Act now! Lose 10 pounds in 10 days with this miracle pill. Order today!,spam
Claim your free trial of brain supplement today! No credit card required.,spam
You've been chosen for an exclusive credit card with $100 limit. Pre-approved!,spam
"Cheap designer watches, handbags, and shoes. 90% off retail prices!",spam
IMPORTANT NOTICE! Free trial expired. Update your payment to continue using Google.,spam
Reminder: team lunch is on Friday. We're going to that Italian place.,ham
"I finished reading that book you recommended. It was really good! Also, did you check the latest pull request?",ham
Don't forget about the team meeting at 3 PM. We'll discuss Q4 targets.,ham
I loved the photos from your trip! Japan looks absolutely beautiful. Hope your week is going well!,ham
Get a free vacation to the Bahamas! Just complete a short survey to qualify.,spam
Let's schedule a call to discuss the new feature requirements.,ham
I've attached the updated spreadsheet. Let me know if the numbers look right. Hope your week is going well!,ham
The gym is offering a discount for annual memberships. Interested? PS: Don't forget to submit your timesheet.,ham
I've submitted the code review. A few minor comments but overall looks great. Cheers!,ham
"I've submitted the code review. A few minor comments but overall looks great. By the way, the coffee machine is fixed.",ham
WINNER! Make $1000 per week working from home! No experience needed. Start today!,spam
The yoga class starts at 7 AM. Want to join me tomorrow? Looking forward to hearing from you.,ham
SECURITY UPDATE! WARNING: Virus detected on your device. Download our security tool immediately.,spam
Get a free vacation to the Bahamas! Just complete a short survey to qualify.,spam
We should catch up soon. It's been ages since we last hung out! Hope your week is going well!,ham
Happy birthday! Hope you have an amazing day. Let's celebrate this weekend!,ham
Mom wants to know if you're coming for Thanksgiving dinner. PS: Don't forget to submit your timesheet.,ham
Work from home and earn $50000/month. Join our team of successful entrepreneurs!,spam
SPECIAL PROMOTION! Important: Your package could not be delivered. Confirm your address here: http://secure-verify.com/login,spam
You are one step away from financial freedom! Learn our secret trading strategy.,spam
"Can we reschedule our 1:1 to Thursday? I have a conflict on Wednesday. Also, did you check the latest pull request?",ham
"The project deadline has been extended to next Friday. Let me know if you need help. By the way, the coffee machine is fixed.",ham
Don't forget about the team meeting at 3 PM. We'll discuss Q4 targets.,ham
I've submitted the code review. A few minor comments but overall looks great.,ham
CONGRATULATIONS! Limited time: Get premium Netflix for 90% off. Use code SAVE90 at checkout.,spam
CLAIM YOUR PRIZE! Your Microsoft subscription is expiring. Renew now to avoid losing access: http://prize-claim.org/winner,spam
I'll be working from home tomorrow. You can reach me on Slack or email.,ham
Mom wants to know if you're coming for Thanksgiving dinner. Let me know your thoughts when you get a chance.,ham
FINAL NOTICE! Double your bitcoin investment in 24 hours! Guaranteed returns. Invest now!,spam
Your email has been selected in our annual draw! You've won a brand new car!,spam
Your inheritance of $500 is ready. Contact our lawyer to process your claim.,spam
The AC in the conference room is broken again. I've filed a maintenance request. Talk soon!,ham
Don't forget about the team meeting at 3 PM. We'll discuss Q4 targets. Talk soon!,ham
The quarterly report is due next week. I'll need your section by Monday.,ham
The AC in the conference room is broken again. I've filed a maintenance request.,ham
Double your bitcoin investment in 24 hours! Guaranteed returns. Invest now!,spam
Earn extra cash by completing simple surveys. Sign up now and get a $50000 bonus!,spam
Get rich quick! Follow our simple 3-step system to make $10000 weekly.,spam
I've submitted the code review. A few minor comments but overall looks great.,ham
The weather looks great this weekend. Want to go hiking?,ham
Your email has been selected in our annual draw! You've won a brand new car!,spam
EXCLUSIVE OFFER! Your Amazon account has been locked. Click here to unlock: http://update-now.net/confirm,spam
Reduce your mortgage payments by 50%! Call now for a free consultation.,spam
The yoga class starts at 7 AM. Want to join me tomorrow? PS: Don't forget to submit your timesheet.,ham
ACT NOW! Your Apple account has been locked. Click here to unlock: http://bit.ly/xyz123,spam
Get a diploma from a prestigious university! No classes required. Apply today.,spam
LIMITED TIME OFFER! Double your bitcoin investment in 24 hours! Guaranteed returns. Invest now!,spam
"ACTION REQUIRED! Hi, I'm a Nigerian prince and I need your help to transfer $500. You'll get 30%.",spam
LIMITED TIME OFFER! Congratulations! You've won a $5000 gift card. Click here to claim now!,spam
"DON'T MISS OUT! Dear customer, your Wells Fargo card ending in 4532 has unusual activity. Call us now.",spam
CLAIM YOUR PRIZE! Your lottery ticket has won $50000! Contact our claims department immediately.,spam
Your email has been selected in our annual draw! You've won a brand new car!,spam
The project deadline has been extended to next Friday. Let me know if you need help.,ham
The code deployment went smoothly. All tests are passing in production.,ham
SPECIAL PROMOTION! You qualify for a government grant of $10000. No repayment required!,spam
Important: Your package could not be delivered. Confirm your address here: http://secure-verify.com/login,spam
WARNING! Attention: Your tax refund of $50000 is pending. Submit your details now.,spam
Mom wants to know if you're coming for Thanksgiving dinner. Talk soon!,ham
Do you know any good plumbers? Our kitchen sink is leaking again.,ham
Limited time: Get premium Amazon for 90% off. Use code SAVE90 at checkout.,spam
"I updated the API documentation. Can you review the new endpoints? By the way, the coffee machine is fixed.",ham
Mom wants to know if you're coming for Thanksgiving dinner. Hope your week is going well!,ham
Hot singles in your area are waiting to meet you! Click here to join free.,spam
Can we reschedule our 1:1 to Thursday? I have a conflict on Wednesday.,ham
The AC in the conference room is broken again. I've filed a maintenance request. Talk soon!,ham
"ALERT! Dear winner, you are the lucky recipient of $50000. Send your bank details to claim.",spam
Reminder: your dentist appointment is tomorrow at 10 AM.,ham
Great presentation today! The client seemed really impressed with the proposal.,ham
"Download free movies, music, and software. Unlimited access with premium membership!",spam
Just finished the sprint retrospective notes. Sharing with the team now.,ham
Congratulations! You've won a $50000 gift card. Click here to claim now!,spam
I loved the photos from your trip! Japan looks absolutely beautiful.,ham
Reminder: your dentist appointment is tomorrow at 10 AM.,ham
ACT NOW! FINAL NOTICE: Your domain name will be deleted unless you renew immediately.,spam
LIMITED TIME OFFER! Free trial expired. Update your payment to continue using Google.,spam
Great presentation today! The client seemed really impressed with the proposal. Talk soon!,ham
Just saw the news about the company merger. What do you think about it?,ham
CONGRATULATIONS! Attention: Your tax refund of $5000 is pending. Submit your details now.,spam
VERIFY YOUR ACCOUNT! You have been selected for a special offer! Get anti-aging cream for FREE. Limited time only!,spam
Just finished the sprint retrospective notes. Sharing with the team now.,ham
"EXCLUSIVE OFFER! Cheap designer watches, handbags, and shoes. 90% off retail prices!",spam
"SPECIAL PROMOTION! Congratulations! You're our 1,000,000th visitor. Claim your prize now!",spam
The project deadline has been extended to next Friday. Let me know if you need help.,ham
Just saw the news about the company merger. What do you think about it? Hope your week is going well!,ham
"Great presentation today! The client seemed really impressed with the proposal. Also, did you check the latest pull request?",ham
Your lottery ticket has won $100! Contact our claims department immediately.,spam
"ACT NOW! Dear winner, you are the lucky recipient of $1000000. Send your bank details to claim.",spam
FINAL WARNING: Pay your outstanding balance of $1000000 or face legal action.,spam
"SECURITY UPDATE! Hi, I'm a Nigerian prince and I need your help to transfer $1000000. You'll get 30%.",spam
DON'T MISS OUT! You've been chosen for an exclusive credit card with $10000 limit. Pre-approved!,spam
"ACTION REQUIRED! Download free movies, music, and software. Unlimited access with premium membership!",spam
URGENT: Wire transfer of $10000 received in your name. Confirm identity to release funds.,spam
VERIFY YOUR ACCOUNT! Earn extra cash by completing simple surveys. Sign up now and get a $1000000 bonus!,spam
Attention: Your tax refund of $5000 is pending. Submit your details now.,spam
Your computer is running slow. Download our optimizer for instant speed boost!,spam
"Hey, are you available for lunch tomorrow? I was thinking we could try that new restaurant.",ham
Claim your free trial of smartwatch today! No credit card required.,spam
Thanks for your help with the report. I really appreciate it! Looking forward to hearing from you.,ham
FREE! Lose weight fast without diet or exercise! Try this one weird trick.,spam
LIMITED TIME OFFER! You've been pre-approved for a loan of $500. Low interest rates! Apply now.,spam
CONGRATULATIONS! You've been pre-approved for a loan of $1000000. Low interest rates! Apply now.,spam
You've been pre-approved for a loan of $1000000. Low interest rates! Apply now.,spam
I updated the API documentation. Can you review the new endpoints?,ham
Great presentation today! The client seemed really impressed with the proposal. PS: Don't forget to submit your timesheet.,ham
The project deadline has been extended to next Friday. Let me know if you need help.,ham
Get a diploma from a prestigious university! No classes required. Apply today.,spam
Movie night tonight? I was thinking we could watch that new thriller.,ham
The AC in the conference room is broken again. I've filed a maintenance request. Have a great evening!,ham
ALERT! Your Apple subscription is expiring. Renew now to avoid losing access: http://update-now.net/confirm,spam
I need to renew my passport. Do you know how long it takes?,ham
Hot singles in your area are waiting to meet you! Click here to join free.,spam
Your Amazon subscription is expiring. Renew now to avoid losing access: http://bit.ly/xyz123,spam
Get a diploma from a prestigious university! No classes required. Apply today.,spam
Investment opportunity: 500% returns guaranteed. Minimum investment just $50000.,spam
Can we reschedule our 1:1 to Thursday? I have a conflict on Wednesday.,ham
SPECIAL PROMOTION! Investment opportunity: 500% returns guaranteed. Minimum investment just $100.,spam
Work from home and earn $500/month. Join our team of successful entrepreneurs!,spam
Movie night tonight? I was thinking we could watch that new thriller.,ham
ACTION REQUIRED! Attention: Your tax refund of $50000 is pending. Submit your details now.,spam
Please find attached the invoice for last month's services. Cheers!,ham
Lose weight fast without diet or exercise! Try this one weird trick.,spam
VERIFY YOUR ACCOUNT! Free iPhone giveaway! Be one of the first 100 to register and win!,spam
The flight is confirmed for July 15th. I'll forward you the itinerary.,ham
Just finished the sprint retrospective notes. Sharing with the team now.,ham
I'm thinking of getting a new laptop. Any suggestions? See you at the standup tomorrow.,ham
ALERT: Your Bank of America account will be suspended unless you update your information now.,spam
Claim your free trial of VPN service today! No credit card required.,spam
The weather looks great this weekend. Want to go hiking? PS: Don't forget to submit your timesheet.,ham
Exclusive deal just for you! Buy one get one free on all VPN service. Shop now!,spam
Please find attached the invoice for last month's services. Hope your week is going well!,ham
VERIFY YOUR ACCOUNT! You've been pre-approved for a loan of $10000. Low interest rates! Apply now.,spam
Happy birthday! Hope you have an amazing day. Let's celebrate this weekend!,ham
The flight is confirmed for July 15th. I'll forward you the itinerary. Cheers!,ham
FINAL NOTICE! Meet beautiful women from Eastern Europe. Join our dating site free today!,spam
"Dear winner, you are the lucky recipient of $500. Send your bank details to claim.",spam
"IMPORTANT NOTICE! Dear customer, your Chase card ending in 4532 has unusual activity. Call us now.",spam
SPECIAL PROMOTION! Exclusive deal just for you! Buy one get one free on all brain supplement. Shop now!,spam
I updated the API documentation. Can you review the new endpoints? PS: Don't forget to submit your timesheet.,ham
Do you know any good plumbers? Our kitchen sink is leaking again. Let me know your thoughts when you get a chance.,ham
The neighbors are having a party this Saturday. We're invited! Let me know your thoughts when you get a chance.,ham
Just checking in — how are you feeling? I hope you're getting better. Hope your week is going well!,ham
FINAL WARNING: Pay your outstanding balance of $500 or face legal action.,spam
Don't forget about the team meeting at 3 PM. We'll discuss Q4 targets. Have a great evening!,ham
I've submitted the code review. A few minor comments but overall looks great. Have a great evening!,ham
CLAIM YOUR PRIZE! FINAL WARNING: Pay your outstanding balance of $100 or face legal action.,spam
DON'T MISS OUT! Claim your free trial of smartwatch today! No credit card required.,spam
Do you know any good plumbers? Our kitchen sink is leaking again.,ham
Are we still on for coffee this afternoon? I'll be at the usual place. Looking forward to hearing from you.,ham
You qualify for a government grant of $10000. No repayment required!,spam
I'll be working from home tomorrow. You can reach me on Slack or email.,ham
Could you pick up some groceries on your way home? We need milk and bread.,ham
I've submitted the code review. A few minor comments but overall looks great.,ham
Adult content: Explicit material waiting for you. Click to view now.,spam
I've submitted the code review. A few minor comments but overall looks great. Let me know your thoughts when you get a chance.,ham
Congratulations! You've won a $100 gift card. Click here to claim now!,spam
I've attached the updated spreadsheet. Let me know if the numbers look right.,ham
"Did you see the game last night? What an incredible finish! Also, did you check the latest pull request?",ham
Your package arrived today. I left it on the kitchen counter. PS: Don't forget to submit your timesheet.,ham
Can you review the document I shared and provide feedback by end of day?,ham
EXCLUSIVE OFFER! Claim your free trial of VPN service today! No credit card required.,spam
Congratulations on the promotion! You definitely deserved it. Have a great evening!,ham
ALERT! Shocking news: Celebrity reveals weight loss secret. Doctors hate this trick!,spam
Make $1000 per week working from home! No experience needed. Start today!,spam
Your package arrived today. I left it on the kitchen counter. PS: Don't forget to submit your timesheet.,ham
WARNING: Virus detected on your device. Download our security tool immediately.,spam
ACT NOW! Earn extra cash by completing simple surveys. Sign up now and get a $100 bonus!,spam
Just finished the sprint retrospective notes. Sharing with the team now.,ham
Act now! Lose 12 pounds in 12 days with this miracle pill. Order today!,spam
I finished reading that book you recommended. It was really good!,ham
I finished reading that book you recommended. It was really good! Looking forward to hearing from you.,ham
Lose weight fast without diet or exercise! Try this one weird trick.,spam
ALERT! Reduce your mortgage payments by 50%! Call now for a free consultation.,spam
Earn extra cash by completing simple surveys. Sign up now and get a $500 bonus!,spam
I finished reading that book you recommended. It was really good!,ham
The weather looks great this weekend. Want to go hiking? Cheers!,ham
Your lottery ticket has won $5000! Contact our claims department immediately.,spam
Let's schedule a call to discuss the new feature requirements.,ham
Your package arrived today. I left it on the kitchen counter.,ham
SECURITY UPDATE! SECURITY ALERT: Someone tried to log into your account. Reset password now.,spam
The yoga class starts at 7 AM. Want to join me tomorrow? Looking forward to hearing from you.,ham
You've been chosen for an exclusive credit card with $10000 limit. Pre-approved!,spam
Movie night tonight? I was thinking we could watch that new thriller. Hope your week is going well!,ham
Thanks for your help with the report. I really appreciate it! Cheers!,ham
Thanks for your help with the report. I really appreciate it! Hope your week is going well!,ham
Reminder: team lunch is on Friday. We're going to that Italian place. Looking forward to hearing from you.,ham
Could you pick up some groceries on your way home? We need milk and bread.,ham
Please find attached the invoice for last month's services.,ham
Can you send me the WiFi password? I'm at the office and can't connect.,ham
Just finished the sprint retrospective notes. Sharing with the team now.,ham
IMPORTANT NOTICE! Your lottery ticket has won $50000! Contact our claims department immediately.,spam
Thanks for your help with the report. I really appreciate it!,ham
ALERT! Your PayPal subscription is expiring. Renew now to avoid losing access: http://prize-claim.org/winner,spam
ALERT! Get rich quick! Follow our simple 3-step system to make $1000 weekly.,spam
I'll be working from home tomorrow. You can reach me on Slack or email. Let me know your thoughts when you get a chance.,ham
Meet beautiful women from Eastern Europe. Join our dating site free today!,spam
"Hey, are you available for lunch tomorrow? I was thinking we could try that new restaurant.",ham
FINAL WARNING: Pay your outstanding balance of $1000000 or face legal action.,spam
SPECIAL PROMOTION! Hot singles in your area are waiting to meet you! Click here to join free.,spam
ACT NOW! URGENT: Wire transfer of $1000 received in your name. Confirm identity to release funds.,spam
The yoga class starts at 7 AM. Want to join me tomorrow? PS: Don't forget to submit your timesheet.,ham
The weather looks great this weekend. Want to go hiking?,ham
"Dear winner, you are the lucky recipient of $1000000. Send your bank details to claim.",spam
Great presentation today! The client seemed really impressed with the proposal.,ham
Thanks for your help with the report. I really appreciate it!,ham
"Sorry I missed your call. I was in a meeting. What did you need? By the way, the coffee machine is fixed.",ham
Your Netflix subscription is expiring. Renew now to avoid losing access: http://prize-claim.org/winner,spam
"Hey, are you available for lunch tomorrow? I was thinking we could try that new restaurant. Also, did you check the latest pull request?",ham
Just finished the sprint retrospective notes. Sharing with the team now. Have a great evening!,ham
"Cheap designer watches, handbags, and shoes. 90% off retail prices!",spam
The dog needs to go to the vet for his annual checkup. Can you take him? Talk soon!,ham
The yoga class starts at 7 AM. Want to join me tomorrow? Talk soon!,ham
Your lottery ticket has won $1000000! Contact our claims department immediately.,spam
You qualify for a government grant of $10000. No repayment required!,spam
Buy cheap medications online! Up to 80% off. Fast discreet shipping.,spam
Just saw the news about the company merger. What do you think about it?,ham
SECURITY UPDATE! Investment opportunity: 500% returns guaranteed. Minimum investment just $5000.,spam
Can you review the document I shared and provide feedback by end of day? Hope your week is going well!,ham
"Can you help me move this Saturday? I'll buy pizza and beer. By the way, the coffee machine is fixed.",ham
I'm thinking of getting a new laptop. Any suggestions? PS: Don't forget to submit your timesheet.,ham
IMPORTANT NOTICE! Get a diploma from a prestigious university! No classes required. Apply today.,spam
"The quarterly report is due next week. I'll need your section by Monday. By the way, the coffee machine is fixed.",ham
"The neighbors are having a party this Saturday. We're invited! By the way, the coffee machine is fixed.",ham
The project deadline has been extended to next Friday. Let me know if you need help.,ham
SPECIAL PROMOTION! Your lottery ticket has won $1000000! Contact our claims department immediately.,spam
URGENT: Your account has been compromised. Verify your identity immediately at http://secure-verify.com/login,spam
Did you see the game last night? What an incredible finish!,ham
"ALERT! Congratulations! You're our 1,000,000th visitor. Claim your prize now!",spam
The kids' school play is next Thursday at 6 PM. Can you make it?,ham
SPECIAL PROMOTION! SECURITY ALERT: Someone tried to log into your account. Reset password now.,spam
Thanks for your help with the report. I really appreciate it! PS: Don't forget to submit your timesheet.,ham
Just finished the sprint retrospective notes. Sharing with the team now. PS: Don't forget to submit your timesheet.,ham
"Download free movies, music, and software. Unlimited access with premium membership!",spam
VERIFY YOUR ACCOUNT! URGENT: Wire transfer of $1000 received in your name. Confirm identity to release funds.,spam
Don't forget about the team meeting at 3 PM. We'll discuss Q4 targets. Cheers!,ham
"Dear winner, you are the lucky recipient of $1000. Send your bank details to claim.",spam
I need to renew my passport. Do you know how long it takes? Looking forward to hearing from you.,ham
Just checking in — how are you feeling? I hope you're getting better.,ham
Could you pick up some groceries on your way home? We need milk and bread.,ham
Your inheritance of $500 is ready. Contact our lawyer to process your claim.,spam
CLAIM YOUR PRIZE! Your lottery ticket has won $500! Contact our claims department immediately.,spam
SPECIAL PROMOTION! Your Amazon account has been locked. Click here to unlock: http://bit.ly/xyz123,spam
Could you pick up some groceries on your way home? We need milk and bread. Hope your week is going well!,ham
Just checking in — how are you feeling? I hope you're getting better. Let me know your thoughts when you get a chance.,ham
"Dear customer, your Chase card ending in 4532 has unusual activity. Call us now.",spam
Great presentation today! The client seemed really impressed with the proposal. Cheers!,ham
IMPORTANT NOTICE! FINAL NOTICE: Your domain name will be deleted unless you renew immediately.,spam
CONGRATULATIONS! SECURITY ALERT: Someone tried to log into your account. Reset password now.,spam
Happy birthday! Hope you have an amazing day. Let's celebrate this weekend!,ham
The code deployment went smoothly. All tests are passing in production. Looking forward to hearing from you.,ham
ACTION REQUIRED! You qualify for a government grant of $50000. No repayment required!,spam
The gym is offering a discount for annual memberships. Interested?,ham
The code deployment went smoothly. All tests are passing in production.,ham
ALERT! ALERT: Your Citibank account will be suspended unless you update your information now.,spam
You qualify for a government grant of $100. No repayment required!,spam
Can you send me the WiFi password? I'm at the office and can't connect.,ham
ACT NOW! You qualify for a government grant of $500. No repayment required!,spam
Could you pick up some groceries on your way home? We need milk and bread.,ham
URGENT: Wire transfer of $5000 received in your name. Confirm identity to release funds.,spam
"Great presentation today! The client seemed really impressed with the proposal. Also, did you check the latest pull request?",ham
VERIFY YOUR ACCOUNT! Act now! Lose 7 pounds in 7 days with this miracle pill. Order today!,spam
Congratulations on the promotion! You definitely deserved it. Cheers!,ham
"Just saw the news about the company merger. What do you think about it? By the way, the coffee machine is fixed.",ham
Get a free vacation to the Bahamas! Just complete a short survey to qualify.,spam
WARNING: Virus detected on your device. Download our security tool immediately.,spam
WINNER! Join millions of satisfied users! Try brain supplement risk-free for 30 days.,spam
"We should catch up soon. It's been ages since we last hung out! By the way, the coffee machine is fixed.",ham
IMPORTANT NOTICE! You've received a confidential document. Sign in with your email to view it.,spam
"SPECIAL PROMOTION! Congratulations! You're our 1,000,000th visitor. Claim your prize now!",spam
I loved the photos from your trip! Japan looks absolutely beautiful.,ham
SPECIAL PROMOTION! WARNING: Virus detected on your device. Download our security tool immediately.,spam
Join millions of satisfied users! Try brain supplement risk-free for 30 days.,spam
CLAIM YOUR PRIZE! Buy cheap medications online! Up to 80% off. Fast discreet shipping.,spam
Thanks for your help with the report. I really appreciate it!,ham
URGENT: Your account has been compromised. Verify your identity immediately at http://bit.ly/xyz123,spam
Reduce your mortgage payments by 50%! Call now for a free consultation.,spam
Just wanted to follow up on our meeting yesterday. Can you send me the notes?,ham
EXCLUSIVE OFFER! Double your bitcoin investment in 24 hours! Guaranteed returns. Invest now!,spam
The weather looks great this weekend. Want to go hiking?,ham
ACT NOW! Double your bitcoin investment in 24 hours! Guaranteed returns. Invest now!,spam
You've been chosen for an exclusive credit card with $50000 limit. Pre-approved!,spam
Thanks for your help with the report. I really appreciate it! PS: Don't forget to submit your timesheet.,ham
The neighbors are having a party this Saturday. We're invited!,ham
Thanks for your help with the report. I really appreciate it!,ham
The gym is offering a discount for annual memberships. Interested?,ham
"Do you know any good plumbers? Our kitchen sink is leaking again. By the way, the coffee machine is fixed.",ham
The yoga class starts at 7 AM. Want to join me tomorrow? Looking forward to hearing from you.,ham
Great presentation today! The client seemed really impressed with the proposal. Let me know your thoughts when you get a chance.,ham
Sorry I missed your call. I was in a meeting. What did you need? Hope your week is going well!,ham
You've been chosen for an exclusive credit card with $1000000 limit. Pre-approved!,spam
Just checking in — how are you feeling? I hope you're getting better.,ham
Your PayPal account has been locked. Click here to unlock: http://tinyurl.com/abc456,spam
The new office space looks amazing! Have you seen the rooftop terrace?,ham
Make $1000000 per week working from home! No experience needed. Start today!,spam
"FREE! Cheap designer watches, handbags, and shoes. 90% off retail prices!",spam
Hot singles in your area are waiting to meet you! Click here to join free.,spam
Buy cheap medications online! Up to 80% off. Fast discreet shipping.,spam
LIMITED TIME OFFER! Make $5000 per week working from home! No experience needed. Start today!,spam
Reminder: your dentist appointment is tomorrow at 10 AM.,ham
Your Google subscription is expiring. Renew now to avoid losing access: http://secure-verify.com/login,spam
Movie night tonight? I was thinking we could watch that new thriller. Talk soon!,ham
Can you help me move this Saturday? I'll buy pizza and beer. Looking forward to hearing from you.,ham
The gym is offering a discount for annual memberships. Interested?,ham
The gym is offering a discount for annual memberships. Interested?,ham
Reminder: your dentist appointment is tomorrow at 10 AM. Talk soon!,ham
Did you see the game last night? What an incredible finish! See you at the standup tomorrow.,ham
"I've submitted the code review. A few minor comments but overall looks great. By the way, the coffee machine is fixed.",ham
"The quarterly report is due next week. I'll need your section by Monday. By the way, the coffee machine is fixed.",ham
ACTION REQUIRED! Join millions of satisfied users! Try brain supplement risk-free for 30 days.,spam
Reminder: team lunch is on Friday. We're going to that Italian place.,ham
Could you pick up some groceries on your way home? We need milk and bread.,ham
Thanks for your help with the report. I really appreciate it!,ham
Did you see the game last night? What an incredible finish! Cheers!,ham
I updated the API documentation. Can you review the new endpoints? Have a great evening!,ham
Are we still on for coffee this afternoon? I'll be at the usual place.,ham
Sorry I missed your call. I was in a meeting. What did you need?,ham
Just checking in — how are you feeling? I hope you're getting better.,ham
Get rich quick! Follow our simple 3-step system to make $500 weekly.,spam
We should catch up soon. It's been ages since we last hung out! Talk soon!,ham
Did you see the game last night? What an incredible finish! Let me know your thoughts when you get a chance.,ham
"Did you see the game last night? What an incredible finish! Also, did you check the latest pull request?",ham
Your package arrived today. I left it on the kitchen counter. Have a great evening!,ham
LIMITED TIME OFFER! Your lottery ticket has won $500! Contact our claims department immediately.,spam
Make $1000 per week working from home! No experience needed. Start today!,spam
The AC in the conference room is broken again. I've filed a maintenance request.,ham
"Hey, are you available for lunch tomorrow? I was thinking we could try that new restaurant.",ham
Hot singles in your area are waiting to meet you! Click here to join free.,spam
Reminder: team lunch is on Friday. We're going to that Italian place.,ham
Happy birthday! Hope you have an amazing day. Let's celebrate this weekend! Cheers!,ham
CLAIM YOUR PRIZE! FINAL WARNING: Pay your outstanding balance of $1000 or face legal action.,spam
CLAIM YOUR PRIZE! Reduce your mortgage payments by 50%! Call now for a free consultation.,spam
"EXCLUSIVE OFFER! Congratulations! You're our 1,000,000th visitor. Claim your prize now!",spam
The dog needs to go to the vet for his annual checkup. Can you take him?,ham
The code deployment went smoothly. All tests are passing in production. Hope your week is going well!,ham
Movie night tonight? I was thinking we could watch that new thriller. Hope your week is going well!,ham
The neighbors are having a party this Saturday. We're invited! PS: Don't forget to submit your timesheet.,ham
Let's schedule a call to discuss the new feature requirements. Talk soon!,ham
The gym is offering a discount for annual memberships. Interested?,ham
Are we still on for coffee this afternoon? I'll be at the usual place.,ham
The project deadline has been extended to next Friday. Let me know if you need help. Talk soon!,ham
Just wanted to follow up on our meeting yesterday. Can you send me the notes? PS: Don't forget to submit your timesheet.,ham
Just checking in — how are you feeling? I hope you're getting better. PS: Don't forget to submit your timesheet.,ham
I need to renew my passport. Do you know how long it takes? Looking forward to hearing from you.,ham
Sorry I missed your call. I was in a meeting. What did you need?,ham
Thanks for the recommendation letter. It means a lot to me.,ham
Just finished the sprint retrospective notes. Sharing with the team now. Let me know your thoughts when you get a chance.,ham
Don't forget about the team meeting at 3 PM. We'll discuss Q4 targets.,ham
Make $1000000 per week working from home! No experience needed. Start today!,spam
ACT NOW! You qualify for a government grant of $500. No repayment required!,spam
Congratulations on the promotion! You definitely deserved it.,ham
Can you send me the WiFi password? I'm at the office and can't connect.,ham
You've been chosen for an exclusive credit card with $50000 limit. Pre-approved!,spam
ALERT: Your Citibank account will be suspended unless you update your information now.,spam
DON'T MISS OUT! FINAL NOTICE: Your domain name will be deleted unless you renew immediately.,spam
Happy birthday! Hope you have an amazing day. Let's celebrate this weekend!,ham
The gym is offering a discount for annual memberships. Interested?,ham
Movie night tonight? I was thinking we could watch that new thriller.,ham
Did you see the game last night? What an incredible finish! Cheers!,ham
You have been selected for a special offer! Get brain supplement for FREE. Limited time only!,spam
The weather looks great this weekend. Want to go hiking? PS: Don't forget to submit your timesheet.,ham
FREE! Get a diploma from a prestigious university! No classes required. Apply today.,spam
I'll be working from home tomorrow. You can reach me on Slack or email.,ham
The kids' school play is next Thursday at 6 PM. Can you make it? Talk soon!,ham
WARNING! Your email has been selected in our annual draw! You've won a brand new car!,spam
Sorry I missed your call. I was in a meeting. What did you need? Looking forward to hearing from you.,ham
Sorry I missed your call. I was in a meeting. What did you need? Talk soon!,ham
Make $1000000 per week working from home! No experience needed. Start today!,spam
The gym is offering a discount for annual memberships. Interested?,ham
CLAIM YOUR PRIZE! Reduce your mortgage payments by 50%! Call now for a free consultation.,spam
Thanks for the recommendation letter. It means a lot to me. Have a great evening!,ham
ACT NOW! Your Microsoft subscription is expiring. Renew now to avoid losing access: http://secure-verify.com/login,spam
The dog needs to go to the vet for his annual checkup. Can you take him?,ham
WARNING! You have been selected for a special offer! Get anti-aging cream for FREE. Limited time only!,spam
"Cheap designer watches, handbags, and shoes. 90% off retail prices!",spam
The gym is offering a discount for annual memberships. Interested?,ham
We should catch up soon. It's been ages since we last hung out!,ham
The kids' school play is next Thursday at 6 PM. Can you make it?,ham
Buy cheap medications online! Up to 80% off. Fast discreet shipping.,spam
I finished reading that book you recommended. It was really good! Hope your week is going well!,ham
Mom wants to know if you're coming for Thanksgiving dinner. See you at the standup tomorrow.,ham
LIMITED TIME OFFER! Act now! Lose 6 pounds in 6 days with this miracle pill. Order today!,spam
"CONGRATULATIONS! Dear customer, your HSBC card ending in 4532 has unusual activity. Call us now.",spam
Your lottery ticket has won $50000! Contact our claims department immediately.,spam
"LIMITED TIME OFFER! Download free movies, music, and software. Unlimited access with premium membership!",spam
"WINNER! Download free movies, music, and software. Unlimited access with premium membership!",spam
"FREE! Cheap designer watches, handbags, and shoes. 90% off retail prices!",spam
Your package arrived today. I left it on the kitchen counter. PS: Don't forget to submit your timesheet.,ham
Don't forget about the team meeting at 3 PM. We'll discuss Q4 targets. Have a great evening!,ham
The weather looks great this weekend. Want to go hiking?,ham
Don't forget about the team meeting at 3 PM. We'll discuss Q4 targets.,ham
ALERT: Your Citibank account will be suspended unless you update your information now.,spam
Just wanted to follow up on our meeting yesterday. Can you send me the notes? Talk soon!,ham
EXCLUSIVE OFFER! You've been chosen for an exclusive credit card with $10000 limit. Pre-approved!,spam
Mom wants to know if you're coming for Thanksgiving dinner. Talk soon!,ham
CONGRATULATIONS! Buy cheap medications online! Up to 80% off. Fast discreet shipping.,spam
Thanks for the recommendation letter. It means a lot to me.,ham
Important: Your package could not be delivered. Confirm your address here: http://update-now.net/confirm,spam
"Hi, I'm a Nigerian prince and I need your help to transfer $1000000. You'll get 30%.",spam
Buy cheap medications online! Up to 80% off. Fast discreet shipping.,spam
WARNING! Get a free vacation to the Bahamas! Just complete a short survey to qualify.,spam
Great presentation today! The client seemed really impressed with the proposal. Hope your week is going well!,ham
The quarterly report is due next week. I'll need your section by Monday. Talk soon!,ham
LIMITED TIME OFFER! Hot singles in your area are waiting to meet you! Click here to join free.,spam
URGENT! Lose weight fast without diet or exercise! Try this one weird trick.,spam
The neighbors are having a party this Saturday. We're invited! Cheers!,ham
Just wanted to follow up on our meeting yesterday. Can you send me the notes? Have a great evening!,ham
ACTION REQUIRED! Your email has been selected in our annual draw! You've won a brand new car!,spam
Get a diploma from a prestigious university! No classes required. Apply today.,spam
ACT NOW! Claim your free trial of smartwatch today! No credit card required.,spam
IMPORTANT NOTICE! Lose weight fast without diet or exercise! Try this one weird trick.,spam
Could you pick up some groceries on your way home? We need milk and bread. Talk soon!,ham
IMPORTANT NOTICE! WARNING: Virus detected on your device. Download our security tool immediately.,spam
Congratulations on the promotion! You definitely deserved it. PS: Don't forget to submit your timesheet.,ham
CLAIM YOUR PRIZE! Claim your free trial of smartwatch today! No credit card required.,spam
"Hey, are you available for lunch tomorrow? I was thinking we could try that new restaurant. Let me know your thoughts when you get a chance.",ham
Could you pick up some groceries on your way home? We need milk and bread. Let me know your thoughts when you get a chance.,ham
Adult content: Explicit material waiting for you. Click to view now.,spam
FINAL NOTICE! You've been pre-approved for a loan of $5000. Low interest rates! Apply now.,spam
ALERT: Your Bank of America account will be suspended unless you update your information now.,spam
I've attached the updated spreadsheet. Let me know if the numbers look right.,ham
FREE! Important: Your package could not be delivered. Confirm your address here: http://prize-claim.org/winner,spam
FINAL NOTICE! Your PayPal account has been locked. Click here to unlock: http://tinyurl.com/abc456,spam
The AC in the conference room is broken again. I've filed a maintenance request. Talk soon!,ham
Don't forget about the team meeting at 3 PM. We'll discuss Q4 targets. Cheers!,ham
"Hey, are you available for lunch tomorrow? I was thinking we could try that new restaurant.",ham
The code deployment went smoothly. All tests are passing in production. PS: Don't forget to submit your timesheet.,ham
CLAIM YOUR PRIZE! Your computer is running slow. Download our optimizer for instant speed boost!,spam
The yoga class starts at 7 AM. Want to join me tomorrow?,ham
Don't forget about the team meeting at 3 PM. We'll discuss Q4 targets. Hope your week is going well!,ham
EXCLUSIVE OFFER! Your Google subscription is expiring. Renew now to avoid losing access: http://update-now.net/confirm,spam
The gym is offering a discount for annual memberships. Interested? Let me know your thoughts when you get a chance.,ham
ALERT! Your Microsoft account has been locked. Click here to unlock: http://secure-verify.com/login,spam
I've submitted the code review. A few minor comments but overall looks great. Looking forward to hearing from you.,ham
Your email has been selected in our annual draw! You've won a brand new car!,spam
I'm thinking of getting a new laptop. Any suggestions? Have a great evening!,ham
Your package arrived today. I left it on the kitchen counter. Looking forward to hearing from you.,ham
"Cheap designer watches, handbags, and shoes. 90% off retail prices!",spam
Make $500 per week working from home! No experience needed. Start today!,spam
FREE! Your computer is running slow. Download our optimizer for instant speed boost!,spam
ACTION REQUIRED! Reduce your mortgage payments by 50%! Call now for a free consultation.,spam
CLAIM YOUR PRIZE! Hot singles in your area are waiting to meet you! Click here to join free.,spam
Get a diploma from a prestigious university! No classes required. Apply today.,spam
The code deployment went smoothly. All tests are passing in production. Looking forward to hearing from you.,ham
"Congratulations! You're our 1,000,000th visitor. Claim your prize now!",spam
ACTION REQUIRED! Lose weight fast without diet or exercise! Try this one weird trick.,spam
Reminder: your dentist appointment is tomorrow at 10 AM.,ham
WARNING! Investment opportunity: 500% returns guaranteed. Minimum investment just $500.,spam
Movie night tonight? I was thinking we could watch that new thriller.,ham
Join millions of satisfied users! Try VPN service risk-free for 30 days.,spam
The neighbors are having a party this Saturday. We're invited!,ham
The yoga class starts at 7 AM. Want to join me tomorrow?,ham
"Hey, are you available for lunch tomorrow? I was thinking we could try that new restaurant. See you at the standup tomorrow.",ham
Please find attached the invoice for last month's services.,ham
"Hey, are you available for lunch tomorrow? I was thinking we could try that new restaurant. By the way, the coffee machine is fixed.",ham
ACTION REQUIRED! Exclusive deal just for you! Buy one get one free on all anti-aging cream. Shop now!,spam
Your package arrived today. I left it on the kitchen counter. Have a great evening!,ham
Get a free vacation to the Bahamas! Just complete a short survey to qualify.,spam
Your package arrived today. I left it on the kitchen counter.,ham
"ACT NOW! Dear customer, your Citibank card ending in 4532 has unusual activity. Call us now.",spam
EXCLUSIVE OFFER! Limited time: Get premium Google for 90% off. Use code SAVE90 at checkout.,spam
LIMITED TIME OFFER! Act now! Lose 13 pounds in 13 days with this miracle pill. Order today!,spam
WARNING! Double your bitcoin investment in 24 hours! Guaranteed returns. Invest now!,spam
Movie night tonight? I was thinking we could watch that new thriller. See you at the standup tomorrow.,ham
Meet beautiful women from Eastern Europe. Join our dating site free today!,spam
"Cheap designer watches, handbags, and shoes. 90% off retail prices!",spam
URGENT: Your account has been compromised. Verify your identity immediately at http://secure-verify.com/login,spam
The project deadline has been extended to next Friday. Let me know if you need help.,ham
Just checking in — how are you feeling? I hope you're getting better. Let me know your thoughts when you get a chance.,ham
Just saw the news about the company merger. What do you think about it?,ham
Happy birthday! Hope you have an amazing day. Let's celebrate this weekend! Looking forward to hearing from you.,ham
ACT NOW! Adult content: Explicit material waiting for you. Click to view now.,spam
"Hey, are you available for lunch tomorrow? I was thinking we could try that new restaurant. Also, did you check the latest pull request?",ham
"Happy birthday! Hope you have an amazing day. Let's celebrate this weekend! Also, did you check the latest pull request?",ham
The yoga class starts at 7 AM. Want to join me tomorrow?,ham
Can you send me the WiFi password? I'm at the office and can't connect.,ham
Can you help me move this Saturday? I'll buy pizza and beer. Let me know your thoughts when you get a chance.,ham
The flight is confirmed for July 15th. I'll forward you the itinerary.,ham
The project deadline has been extended to next Friday. Let me know if you need help.,ham
LIMITED TIME OFFER! Join millions of satisfied users! Try anti-aging cream risk-free for 30 days.,spam
SECURITY UPDATE! Work from home and earn $100/month. Join our team of successful entrepreneurs!,spam
URGENT! Important: Your package could not be delivered. Confirm your address here: http://update-now.net/confirm,spam
You've been chosen for an exclusive credit card with $50000 limit. Pre-approved!,spam
Congratulations on the promotion! You definitely deserved it. See you at the standup tomorrow.,ham
Can you send me the WiFi password? I'm at the office and can't connect. Have a great evening!,ham
Are we still on for coffee this afternoon? I'll be at the usual place.,ham
I've attached the updated spreadsheet. Let me know if the numbers look right. PS: Don't forget to submit your timesheet.,ham
ACT NOW! Get a free vacation to the Bahamas! Just complete a short survey to qualify.,spam
Just wanted to follow up on our meeting yesterday. Can you send me the notes?,ham
"VERIFY YOUR ACCOUNT! Dear customer, your HSBC card ending in 4532 has unusual activity. Call us now.",spam
FINAL NOTICE! You've been chosen for an exclusive credit card with $50000 limit. Pre-approved!,spam
The dog needs to go to the vet for his annual checkup. Can you take him?,ham
WARNING: Virus detected on your device. Download our security tool immediately.,spam
Get a free vacation to the Bahamas! Just complete a short survey to qualify.,spam
LIMITED TIME OFFER! Get rich quick! Follow our simple 3-step system to make $10000 weekly.,spam
"Dear winner, you are the lucky recipient of $10000. Send your bank details to claim.",spam
ACT NOW! Get a free vacation to the Bahamas! Just complete a short survey to qualify.,spam
WINNER! Make $1000 per week working from home! No experience needed. Start today!,spam
I updated the API documentation. Can you review the new endpoints?,ham
"IMPORTANT NOTICE! Dear winner, you are the lucky recipient of $5000. Send your bank details to claim.",spam
You qualify for a government grant of $100. No repayment required!,spam
FINAL NOTICE: Your domain name will be deleted unless you renew immediately.,spam
EXCLUSIVE OFFER! Make $1000000 per week working from home! No experience needed. Start today!,spam
The quarterly report is due next week. I'll need your section by Monday. Hope your week is going well!,ham
The code deployment went smoothly. All tests are passing in production. Talk soon!,ham
I loved the photos from your trip! Japan looks absolutely beautiful. See you at the standup tomorrow.,ham
"Could you pick up some groceries on your way home? We need milk and bread. By the way, the coffee machine is fixed.",ham
Investment opportunity: 500% returns guaranteed. Minimum investment just $100.,spam
The dog needs to go to the vet for his annual checkup. Can you take him?,ham
Great presentation today! The client seemed really impressed with the proposal.,ham
Your package arrived today. I left it on the kitchen counter.,ham
Investment opportunity: 500% returns guaranteed. Minimum investment just $50000.,spam
I need to renew my passport. Do you know how long it takes?,ham
WARNING! Buy cheap medications online! Up to 80% off. Fast discreet shipping.,spam
Your email has been selected in our annual draw! You've won a brand new car!,spam
Work from home and earn $10000/month. Join our team of successful entrepreneurs!,spam
Can you review the document I shared and provide feedback by end of day?,ham
Your lottery ticket has won $5000! Contact our claims department immediately.,spam
ACT NOW! Claim your free trial of weight loss pills today! No credit card required.,spam
The code deployment went smoothly. All tests are passing in production. PS: Don't forget to submit your timesheet.,ham
Movie night tonight? I was thinking we could watch that new thriller. Talk soon!,ham
"Hi, I'm a Nigerian prince and I need your help to transfer $1000. You'll get 30%.",spam
Reminder: team lunch is on Friday. We're going to that Italian place.,ham
WARNING! Hot singles in your area are waiting to meet you! Click here to join free.,spam
Just checking in — how are you feeling? I hope you're getting better. PS: Don't forget to submit your timesheet.,ham
Act now! Lose 6 pounds in 6 days with this miracle pill. Order today!,spam
ALERT! Work from home and earn $50000/month. Join our team of successful entrepreneurs!,spam
Exclusive deal just for you! Buy one get one free on all VPN service. Shop now!,spam
IMPORTANT NOTICE! Claim your free trial of brain supplement today! No credit card required.,spam
I need to renew my passport. Do you know how long it takes?,ham
WINNER! Investment opportunity: 500% returns guaranteed. Minimum investment just $500.,spam
I finished reading that book you recommended. It was really good!,ham
CLAIM YOUR PRIZE! Get rich quick! Follow our simple 3-step system to make $50000 weekly.,spam
Investment opportunity: 500% returns guaranteed. Minimum investment just $500.,spam
Can we reschedule our 1:1 to Thursday? I have a conflict on Wednesday.,ham
Your inheritance of $500 is ready. Contact our lawyer to process your claim.,spam
FINAL WARNING: Pay your outstanding balance of $50000 or face legal action.,spam
The yoga class starts at 7 AM. Want to join me tomorrow? Have a great evening!,ham
Just checking in — how are you feeling? I hope you're getting better. Talk soon!,ham
"Cheap designer watches, handbags, and shoes. 90% off retail prices!",spam
"DON'T MISS OUT! Cheap designer watches, handbags, and shoes. 90% off retail prices!",spam
I finished reading that book you recommended. It was really good! Let me know your thoughts when you get a chance.,ham
Just saw the news about the company merger. What do you think about it?,ham
ALERT! Shocking news: Celebrity reveals weight loss secret. Doctors hate this trick!,spam
Let's schedule a call to discuss the new feature requirements.,ham
CLAIM YOUR PRIZE! Get rich quick! Follow our simple 3-step system to make $10000 weekly.,spam
The flight is confirmed for July 15th. I'll forward you the itinerary.,ham
"Hey, are you available for lunch tomorrow? I was thinking we could try that new restaurant.",ham
"Congratulations! You're our 1,000,000th visitor. Claim your prize now!",spam
"Thanks for the recommendation letter. It means a lot to me. Also, did you check the latest pull request?",ham
Reduce your mortgage payments by 50%! Call now for a free consultation.,spam
Are we still on for coffee this afternoon? I'll be at the usual place. See you at the standup tomorrow.,ham
URGENT: Wire transfer of $10000 received in your name. Confirm identity to release funds.,spam
FINAL NOTICE: Your domain name will be deleted unless you renew immediately.,spam
The flight is confirmed for July 15th. I'll forward you the itinerary. PS: Don't forget to submit your timesheet.,ham
The flight is confirmed for July 15th. I'll forward you the itinerary.,ham
Movie night tonight? I was thinking we could watch that new thriller.,ham
The weather looks great this weekend. Want to go hiking?,ham
Let's schedule a call to discuss the new feature requirements. Have a great evening!,ham
Do you know any good plumbers? Our kitchen sink is leaking again.,ham
WARNING! FINAL NOTICE: Your domain name will be deleted unless you renew immediately.,spam
"Can you review the document I shared and provide feedback by end of day? By the way, the coffee machine is fixed.",ham
Your package arrived today. I left it on the kitchen counter. Looking forward to hearing from you.,ham
